previous_experience_months,sales_experience_months,customer_service_experience_months,certification_count,relevant_certification,assessment_score,communication_score,product_knowledge_score,sales_skill_score,customer_service_score
0,0,0,0,0,44,60,59,42,49
10,3,2,1,0,58,74,42,46,61
0,0,0,0,0,58,61,54,53,65
36,31,0,0,0,65,53,45,63,51
30,0,24,1,1,49,50,68,60,64
43,3,9,2,0,52,68,64,62,67
0,0,0,1,0,44,60,57,60,36
20,0,11,3,0,59,67,47,40,65
35,12,17,0,0,56,61,63,66,68
32,23,9,1,0,60,65,91,57,32
4,4,0,3,1,68,70,66,61,73
35,35,5,3,1,51,69,70,73,51
5,0,0,0,0,67,61,69,63,64
0,0,0,0,0,62,76,44,81,70
72,72,36,3,1,83,79,75,81,63
39,26,11,0,0,56,44,69,62,20
53,26,24,2,1,68,65,64,82,61
22,0,0,1,1,49,51,61,67,62
72,42,53,3,1,83,88,72,78,78
0,0,0,2,0,44,51,50,47,37
36,0,0,2,0,44,62,23,60,37
57,13,32,4,1,93,90,64,64,59
14,2,0,3,1,51,42,52,25,45
19,6,10,3,1,73,95,92,59,64
28,14,15,2,1,61,65,56,58,58
37,0,4,1,0,53,82,67,63,88
55,33,27,1,1,67,76,73,78,49
23,1,0,0,0,63,42,61,69,67
0,0,0,5,0,71,61,70,66,53
24,18,4,1,0,49,58,44,63,55
45,25,28,0,0,84,71,48,71,65
25,25,11,1,0,76,64,82,63,54
12,0,9,0,0,68,74,67,50,68
7,0,7,4,1,27,44,60,29,49
63,18,41,1,1,69,80,84,58,86
38,38,38,1,1,79,88,63,71,70
52,21,25,2,1,67,73,77,75,68
12,9,0,0,0,49,64,46,55,48
17,15,0,3,0,61,76,36,50,54
13,0,7,1,1,42,47,55,60,56
53,41,17,2,1,83,77,68,71,65
81,58,69,4,1,85,100,79,78,87
62,45,43,2,0,86,79,83,90,79
33,7,23,1,0,49,59,73,73,58
59,22,50,1,1,75,93,68,66,51
8,0,0,2,0,73,74,81,47,45
36,1,5,4,1,46,61,60,83,44
88,63,47,3,1,99,89,94,100,90
8,0,8,0,0,59,81,63,59,51
30,9,3,2,1,59,66,50,57,23
24,0,0,1,1,44,26,44,54,37
24,16,6,0,0,63,69,66,41,52
29,17,29,1,1,71,68,72,62,74
19,19,3,2,1,58,73,53,59,31
1,1,0,0,0,30,41,40,69,55
76,43,70,2,1,80,100,92,97,51
18,0,8,1,1,43,62,47,55,48
62,51,32,2,0,72,87,63,66,79
2,2,2,2,0,75,62,28,44,57
33,8,9,3,1,51,68,50,72,65
5,0,5,1,0,56,76,49,56,54
49,26,2,1,1,42,67,57,40,60
47,33,14,0,0,82,58,86,53,51
64,43,40,1,1,76,58,79,78,78
27,0,0,2,1,38,53,49,43,62
48,6,6,1,1,63,79,84,73,55
67,33,25,0,0,60,62,59,72,61
39,20,5,2,1,71,64,76,65,55
49,11,37,3,1,67,81,64,78,73
0,0,0,1,1,55,69,58,44,28
45,9,5,2,0,56,55,74,69,49
37,18,20,3,1,55,44,69,45,74
54,5,40,0,0,58,76,52,77,62
24,4,19,2,1,74,59,67,42,60
21,0,9,1,1,65,76,67,52,56
15,1,8,1,1,54,47,80,56,38
53,17,46,3,0,47,82,72,60,66
18,7,18,1,1,50,45,28,47,55
9,0,0,2,1,52,68,67,27,59
31,31,13,3,1,80,68,74,70,59
76,45,32,2,0,75,100,72,62,73
2,0,0,0,0,34,49,55,67,47
41,3,14,1,1,61,51,35,47,63
9,3,0,1,0,36,46,31,38,42
62,22,0,1,0,46,52,74,62,45
64,49,37,3,0,80,85,96,87,65
10,0,4,0,0,42,28,54,59,66
39,28,25,3,1,90,77,72,69,80
30,8,6,2,1,68,72,70,41,63
39,14,7,3,1,71,63,97,72,62
21,0,0,1,0,68,73,69,65,66
76,40,45,1,1,86,85,67,99,71
0,0,0,1,1,41,73,56,42,49
20,0,4,0,0,59,57,52,71,81
27,14,3,1,0,53,60,53,80,55
13,3,4,0,0,78,70,62,51,64
37,26,6,0,0,63,69,83,69,73
36,31,0,4,1,61,62,70,75,61
24,0,4,1,1,53,47,71,39,63
72,22,42,2,1,81,49,62,80,55
48,29,2,3,1,58,64,59,56,44
58,30,35,3,1,83,66,92,75,84
52,39,13,2,1,79,80,76,76,65
55,13,24,0,0,87,92,87,100,69
33,17,27,2,1,64,78,57,39,68
0,0,0,0,0,35,48,50,19,38
50,12,19,1,1,58,69,69,42,68
0,0,0,0,0,74,52,67,60,73
24,17,11,1,1,54,77,67,71,58
18,3,18,0,0,34,38,59,54,55
0,0,0,0,0,20,42,62,23,21
23,8,23,1,0,55,57,50,64,93
11,0,0,0,0,73,70,54,36,39
15,11,0,1,1,67,55,49,62,61
85,64,31,3,1,95,80,76,85,68
24,7,2,2,1,61,43,56,59,55
40,5,7,1,1,54,74,11,55,54
0,0,0,0,0,20,62,29,44,56
6,0,0,2,1,39,39,51,34,35
43,13,16,1,1,61,61,89,80,60
0,0,0,0,0,50,43,59,46,53
15,0,5,3,1,41,52,53,31,36
35,14,10,1,1,72,43,62,53,72
34,28,34,0,0,65,72,70,77,83
0,0,0,0,0,41,54,62,38,47
52,27,12,1,0,80,70,90,66,65
23,0,0,1,0,58,84,65,69,65
18,18,18,0,0,62,83,66,41,62
20,0,20,0,0,58,83,44,38,51
81,45,46,0,0,45,98,60,77,65
20,12,20,2,1,67,81,32,46,49
35,35,18,2,1,61,79,58,85,77
33,21,29,0,0,71,69,77,74,92
77,55,57,1,0,68,75,75,100,79
0,0,0,0,0,50,46,40,22,58
69,48,34,2,1,60,71,45,69,79
15,11,0,0,0,45,56,78,65,27
63,43,41,3,1,67,81,77,43,59
33,6,4,1,1,77,56,68,83,62
53,50,41,1,1,89,64,99,75,84
0,0,0,1,0,53,30,19,36,44
47,34,19,1,1,60,66,55,68,67
60,57,31,0,0,91,82,94,76,78
66,35,34,2,1,74,91,66,100,71
7,7,7,1,1,74,83,95,48,74
33,10,4,2,1,70,60,52,73,70
68,55,46,3,1,74,67,91,96,62
21,9,5,1,1,81,52,62,63,41
10,5,10,1,1,62,55,54,64,59
27,27,7,2,0,56,76,76,72,44
0,0,0,1,1,53,52,62,40,46
35,25,0,2,0,57,76,46,46,47
64,22,1,1,1,46,82,86,57,62
53,33,37,0,0,86,76,73,70,74
0,0,0,2,1,59,60,42,74,52
41,9,18,0,0,63,63,56,48,63
42,22,5,0,0,64,64,53,56,81
24,24,4,1,0,82,69,69,76,70
0,0,0,0,0,44,55,53,42,57
80,27,58,4,1,63,84,82,100,90
78,44,52,0,0,61,72,95,41,73
30,22,17,1,0,53,61,73,55,35
29,20,29,2,1,65,70,45,57,49
0,0,0,4,1,46,42,56,65,55
7,0,0,0,0,38,64,59,39,60
0,0,0,0,0,28,60,42,37,46
3,0,0,0,0,51,63,53,39,54
51,25,39,2,0,67,61,70,61,63
17,17,4,1,0,58,57,57,63,74
20,0,14,0,0,59,71,45,67,71
1,0,0,0,0,56,46,61,55,35
21,0,0,0,0,48,39,32,50,41
48,17,0,2,1,29,48,57,58,71
48,31,39,4,1,78,64,86,78,90
54,25,54,4,1,70,72,78,54,78
0,0,0,1,0,25,23,60,35,60
28,8,16,2,0,65,54,45,53,88
2,0,0,1,1,43,60,37,56,64
35,30,3,4,1,48,47,87,69,65
38,14,12,2,1,58,79,64,73,38
6,6,0,2,1,55,67,40,47,43
19,0,0,3,1,64,46,52,34,51
24,0,0,0,0,53,64,68,39,71
0,0,0,0,0,52,57,43,59,46
63,60,30,0,0,70,91,51,86,72
48,14,35,2,1,59,65,56,61,71
38,29,31,1,1,72,69,82,67,67
79,58,53,0,0,85,100,78,83,66
56,11,37,5,1,84,90,84,54,96
18,4,8,2,1,48,62,50,53,18
0,0,0,3,1,45,35,44,29,50
0,0,0,3,1,57,45,37,56,57
54,23,40,3,0,54,68,42,78,79
35,35,7,0,0,52,69,78,60,58
46,46,28,1,1,78,71,56,55,57
29,28,16,3,1,72,74,77,67,44
45,11,22,1,1,65,43,79,48,71
56,21,34,2,1,77,79,77,67,79
12,0,0,0,0,59,74,45,51,52
42,13,20,2,0,65,81,83,73,57
32,15,25,2,0,58,63,68,57,51
80,29,15,1,1,59,77,46,75,88
19,12,0,1,0,52,78,63,47,56
64,31,34,2,1,78,44,52,55,77
52,52,6,4,1,83,100,70,100,77
99,47,50,3,1,79,65,85,95,87
69,26,27,2,1,60,71,66,57,88
80,50,35,2,0,76,71,89,86,65
0,0,0,0,0,50,48,22,53,49
37,8,16,2,1,59,94,54,70,35
15,3,0,1,1,71,48,65,49,56
38,0,0,1,1,59,58,59,62,58
10,0,5,1,1,54,67,77,49,49
32,21,0,1,0,42,89,16,56,61
25,25,3,3,1,60,52,76,74,46
37,21,13,3,1,65,53,51,55,91
19,18,0,1,1,65,41,66,49,34
58,24,0,0,0,55,61,64,54,61
58,29,43,1,1,86,75,54,70,57
92,65,50,2,1,75,74,85,91,67
96,68,29,1,1,77,81,54,64,74
27,12,7,0,0,58,66,70,74,67
33,24,7,3,0,50,87,55,92,51
50,28,0,1,1,51,75,75,55,55
47,45,11,0,0,58,45,35,70,71
3,0,0,2,1,66,48,44,53,58
61,57,37,3,0,74,55,71,75,67
61,43,28,3,1,68,77,96,68,69
3,0,0,3,1,35,46,17,46,35
42,11,7,0,0,67,97,47,65,63
21,20,0,4,0,58,79,33,44,60
64,33,16,1,0,53,50,67,71,73
0,0,0,0,0,57,57,66,65,32
48,20,16,2,1,73,55,65,53,40
37,6,26,1,1,75,82,89,76,67
0,0,0,1,0,31,67,36,53,56
9,0,0,0,0,39,33,40,24,30
0,0,0,0,0,55,73,53,28,53
19,12,15,1,0,62,56,55,65,38
83,77,57,2,1,100,100,74,100,96
52,15,18,1,1,55,51,59,67,52
21,18,6,1,0,68,60,60,61,43
6,0,0,0,0,37,51,48,35,58
74,55,45,3,1,65,57,73,78,58
47,35,0,3,1,70,61,70,75,65
49,44,41,1,1,69,60,63,83,74
56,19,35,0,0,48,55,48,62,37
17,0,6,0,0,70,56,65,62,70
80,34,69,3,0,99,100,100,100,76
35,0,0,2,1,60,84,73,45,51
0,0,0,0,0,54,77,50,76,56
77,42,32,3,1,81,65,73,64,89
96,47,60,3,1,87,96,71,94,77
25,24,0,2,1,78,78,60,60,65
68,35,20,2,0,75,67,70,78,84
39,24,15,2,0,70,78,76,64,68
14,0,0,0,0,49,44,50,24,47
37,21,6,0,0,80,72,52,53,63
28,11,0,3,1,59,36,48,64,58
7,4,6,0,0,48,61,74,63,55
75,64,40,2,1,71,91,65,68,71
79,37,44,1,1,79,77,48,86,76
0,0,0,3,1,35,55,57,51,58
26,25,19,0,0,76,62,39,50,50
46,17,25,3,1,83,76,99,58,83
14,5,9,1,1,51,68,58,85,57
35,31,21,1,1,89,70,72,80,86
33,7,7,0,0,46,58,66,73,72
0,0,0,2,1,25,37,39,47,39
63,28,54,1,0,88,83,92,100,100
54,18,25,3,1,100,77,77,87,67
48,6,30,1,1,56,59,88,68,44
53,26,25,1,1,72,75,61,73,79
45,35,45,2,1,68,59,80,66,50
73,40,19,1,1,88,81,88,79,71
31,1,31,0,0,58,68,81,57,63
75,52,30,3,0,86,84,52,67,68
21,10,5,1,1,86,62,40,84,68
90,56,51,2,1,79,75,91,87,73
44,24,23,2,1,80,72,71,82,54
43,14,12,3,1,58,64,81,79,57
9,6,0,0,0,44,65,73,52,57
77,68,28,1,0,70,82,86,83,94
57,21,0,3,1,75,85,56,71,66
0,0,0,0,0,26,54,55,46,38
17,0,0,3,1,53,39,56,50,59
7,7,0,2,1,71,85,54,21,51
0,0,0,0,0,25,58,67,43,26
0,0,0,1,1,24,31,56,37,25
0,0,0,0,0,56,71,43,57,55
78,39,47,2,1,89,75,75,55,80
26,0,7,1,0,75,63,80,54,77
7,0,0,2,0,47,74,54,39,47
78,48,58,1,1,86,73,79,81,81
0,0,0,1,1,51,74,51,64,44
15,0,0,2,0,46,36,53,30,49
49,19,30,3,0,68,81,57,70,60
44,7,17,1,0,74,62,28,59,49
28,0,22,0,0,58,78,90,58,75
42,39,13,1,1,59,82,79,52,39
18,13,0,0,0,66,75,69,58,54
41,14,39,3,1,72,73,74,77,71
28,18,3,2,1,34,71,32,53,56
3,0,0,0,0,51,49,50,31,54
42,25,3,0,0,62,83,75,80,29
34,25,27,2,0,65,57,92,58,68
10,0,0,2,1,69,73,69,75,50
75,53,54,5,1,83,71,93,88,60
15,3,3,3,1,63,60,83,53,60
46,9,33,1,1,87,79,85,52,54
0,0,0,1,0,43,36,50,44,62
4,3,4,1,0,68,69,89,56,57
0,0,0,0,0,35,47,59,35,23
6,6,0,3,0,60,77,67,55,53
59,28,39,3,1,62,81,65,78,85
0,0,0,1,1,62,55,39,71,55
0,0,0,0,0,28,30,35,27,30
36,14,11,0,0,71,89,57,68,55
8,0,0,2,1,76,68,71,69,36
22,0,17,0,0,64,64,49,55,56
32,26,15,1,1,77,69,74,82,59
56,7,17,0,0,68,89,80,77,39
39,3,0,2,1,64,73,54,53,68
14,0,0,3,1,47,78,65,59,58
47,40,32,0,0,89,85,52,72,71
24,24,17,0,0,62,69,48,50,69
66,60,47,1,0,69,85,56,63,74
13,13,9,0,0,57,75,61,59,59
38,4,13,2,0,75,79,48,71,57
0,0,0,0,0,27,34,28,64,45
63,47,40,0,0,86,83,53,72,61
60,38,50,3,1,68,92,83,75,73
39,20,27,2,1,59,52,49,45,91
33,21,4,2,1,61,81,73,72,43
13,13,8,3,1,49,83,52,79,63
22,0,22,1,1,54,52,43,39,35
15,15,3,3,1,67,75,66,55,61
74,54,25,0,0,81,74,57,55,64
76,62,38,2,1,76,60,74,75,78
51,36,22,2,1,57,93,74,62,49
0,0,0,1,1,53,56,36,15,39
18,8,0,0,0,64,59,53,71,40
76,31,54,1,1,75,100,81,85,86
20,16,20,1,0,66,66,70,68,61
0,0,0,0,0,64,61,39,41,40
33,12,17,1,0,52,64,48,54,64
0,0,0,1,0,83,62,56,44,47
5,0,0,2,0,63,64,86,65,66
35,13,7,0,0,78,73,69,69,45
0,0,0,0,0,33,62,28,34,48
110,74,84,1,1,97,86,91,100,71
34,5,6,0,0,40,47,51,43,45
35,9,5,1,0,35,60,44,50,55
25,3,8,1,1,65,83,69,52,53
0,0,0,2,1,52,45,68,39,49
11,0,0,0,0,35,58,34,44,68
66,33,30,1,0,79,92,53,58,36
38,19,15,2,1,72,84,58,27,71
35,35,21,2,1,69,65,82,73,60
79,25,47,1,1,70,71,83,73,68
14,4,0,2,1,47,42,53,47,49
8,0,0,0,0,55,46,31,43,30
0,0,0,1,0,56,37,58,72,43
88,68,66,1,1,86,89,80,100,71
0,0,0,2,0,67,83,75,67,53
35,29,35,3,1,73,85,50,72,60
0,0,0,0,0,68,52,72,58,73
38,10,0,0,0,63,86,64,67,58
0,0,0,4,1,50,75,38,40,55
34,15,34,1,1,96,64,48,87,57
37,2,15,1,1,61,64,41,65,58
55,45,9,2,1,49,62,64,76,73
0,0,0,4,1,64,46,59,63,46
40,4,12,2,0,74,86,79,95,62
78,44,45,3,1,93,62,55,78,73
11,0,11,1,1,59,47,61,49,55
21,0,21,3,1,70,65,49,73,52
53,35,7,3,0,65,69,74,66,55
44,44,29,4,0,80,57,90,93,88
49,17,8,3,1,57,55,64,55,69
31,13,8,1,0,70,83,38,86,55
20,0,0,2,1,51,53,68,63,46
35,35,15,3,1,60,38,71,53,52
36,0,18,1,0,26,30,48,57,50
0,0,0,0,0,38,48,37,29,46
6,0,3,3,0,64,55,61,41,68
24,14,12,1,1,74,80,84,71,58
42,18,0,1,1,54,60,81,29,43
4,0,0,1,0,54,66,47,58,42
40,31,36,2,0,56,80,80,68,76
0,0,0,1,1,41,44,39,40,38
30,0,0,2,1,64,49,57,59,34
0,0,0,0,0,26,58,70,68,50
37,26,23,0,0,61,65,62,48,65
24,14,21,1,1,73,69,72,80,61
40,5,37,1,1,41,61,43,81,48
8,6,0,1,1,76,82,52,43,53
56,42,40,3,0,92,68,69,79,86
15,15,15,2,1,90,88,75,89,100
42,17,19,0,0,80,100,58,54,66
0,0,0,2,1,41,36,69,62,36
13,0,7,3,0,61,54,85,45,77
44,19,15,1,1,43,46,71,64,56
30,7,27,2,1,66,79,62,58,64
73,36,22,2,1,85,86,71,92,84
25,25,19,4,1,58,60,56,26,54
35,31,10,1,0,80,76,66,80,69
45,45,19,4,1,77,59,58,66,66
12,0,0,0,0,41,63,51,39,54
32,10,17,1,1,74,89,70,54,73
26,0,11,1,1,41,49,59,66,45
46,26,3,3,1,57,65,38,49,56
42,35,22,2,1,70,66,64,59,72
62,39,33,0,0,67,76,70,76,62
41,19,21,1,1,36,59,80,55,68
10,0,0,1,0,69,76,24,73,76
54,23,35,2,0,77,63,64,59,64
28,17,13,4,0,50,72,54,70,46
67,50,25,2,1,87,89,56,73,67
37,24,35,4,0,71,70,85,25,70
33,18,3,1,1,57,72,57,50,57
35,20,19,2,1,37,53,53,33,45
0,0,0,0,0,37,47,58,38,40
24,0,18,1,0,55,75,44,59,48
34,0,25,3,1,58,61,50,43,66
0,0,0,1,1,26,54,51,15,42
43,31,28,1,1,69,90,61,59,94
24,14,2,1,1,51,68,51,44,37
68,23,25,5,1,70,76,54,77,84
99,68,60,4,1,90,64,69,86,57
48,32,21,3,1,68,71,81,60,83
0,0,0,1,0,28,47,35,45,42
1,0,0,1,1,43,57,52,56,56
44,28,10,1,1,52,68,61,72,41
42,20,30,5,1,72,81,62,65,77
21,0,21,1,1,56,67,61,52,36
52,27,43,1,1,79,79,92,78,83
69,41,39,2,0,71,48,86,68,86
38,0,13,2,0,39,59,54,53,53
51,21,27,0,0,76,77,71,72,61
27,6,7,1,0,55,54,54,68,55
44,17,7,4,1,64,82,84,53,51
0,0,0,1,1,43,58,71,67,80
50,28,13,2,0,53,55,29,36,63
9,0,1,1,1,74,71,69,58,80
41,23,28,1,0,63,75,81,51,73
27,2,0,0,0,48,43,46,57,37
76,32,52,2,1,75,82,59,75,80
4,4,0,2,0,60,30,58,54,58
22,0,0,0,0,48,43,29,50,47
44,30,39,1,1,63,59,41,72,73
28,28,28,0,0,81,79,93,99,72
45,28,2,1,0,91,86,61,80,68
0,0,0,0,0,37,72,60,43,39
0,0,0,2,1,56,32,34,45,32
53,41,13,0,0,83,77,65,85,65
33,30,5,4,0,45,61,82,59,49
26,12,19,2,1,71,58,68,62,67
44,0,24,0,0,60,56,78,89,30
26,26,0,1,0,72,70,54,63,68
10,0,0,2,1,67,66,55,57,52
0,0,0,0,0,45,49,45,47,28
12,6,0,2,1,71,58,46,64,58
33,0,12,1,1,59,60,57,72,52
58,35,26,1,0,84,91,90,82,69
3,0,3,1,0,58,50,78,57,53
25,0,0,1,1,45,56,68,55,50
48,28,14,0,0,80,62,56,62,53
3,2,3,5,1,63,76,59,92,63
4,4,0,1,0,41,55,30,31,59
111,79,86,0,0,100,73,92,99,91
14,14,6,1,0,52,62,62,78,70
16,9,5,2,1,68,57,45,74,61
7,0,7,3,1,62,58,47,42,27
27,5,3,2,1,41,45,48,56,54
41,17,18,2,1,46,59,75,53,57
0,0,0,1,0,72,43,47,46,60
0,0,0,0,0,45,52,45,45,30
25,6,0,0,0,66,54,62,53,75
39,22,0,0,0,61,71,75,72,62
84,44,20,3,1,58,72,62,77,64
12,0,0,2,0,50,37,56,47,56
15,0,0,0,0,42,55,56,33,54
80,56,39,2,1,93,100,85,92,84
6,0,6,3,1,61,70,50,64,56
41,12,15,0,0,60,70,72,78,57
0,0,0,0,0,27,47,30,28,46
45,12,21,1,0,73,60,47,68,72
0,0,0,2,1,36,26,35,63,39
0,0,0,3,1,52,28,53,73,52
0,0,0,0,0,66,39,53,44,22
44,13,18,0,0,55,49,54,49,61
27,5,27,3,0,62,64,58,83,78
64,31,20,2,0,73,64,51,94,51
72,41,50,1,1,80,81,91,59,78
15,0,4,2,0,67,59,58,49,77
58,36,46,0,0,82,86,76,100,73
50,11,39,0,0,58,61,72,47,48
46,37,22,2,1,56,86,41,76,55
52,48,28,2,1,77,67,74,71,57
5,0,0,0,0,40,31,61,55,43
19,12,0,2,1,53,65,60,41,59
17,14,7,0,0,57,51,63,64,41
8,0,3,1,0,45,43,37,58,39
23,12,0,0,0,27,26,43,44,49
21,21,21,1,0,46,57,73,52,77
0,0,0,0,0,69,59,75,36,61
35,22,13,0,0,71,81,54,73,48
13,0,10,2,0,70,59,29,37,84
45,18,7,1,0,57,43,34,54,70
19,0,2,4,1,62,89,71,31,57
35,0,2,0,0,58,59,57,48,64
52,28,52,1,0,52,64,79,65,70
26,0,0,2,1,61,45,57,42,50
22,16,0,2,1,65,50,71,57,42
27,6,15,1,1,65,84,56,61,80
57,11,9,3,0,52,41,40,41,68
84,45,51,0,0,80,84,74,91,69
53,36,45,1,1,70,67,58,55,69
99,37,54,2,0,60,78,92,69,70
25,4,0,3,0,66,79,62,75,66
21,0,0,2,1,59,84,57,77,77
39,31,6,4,1,84,90,65,77,77
0,0,0,2,0,52,41,67,45,52
57,27,28,4,0,65,83,67,70,82
11,11,11,2,0,70,39,58,52,67
25,0,25,2,1,87,65,52,44,49
10,10,10,0,0,63,53,38,76,57
5,5,5,1,1,70,58,56,83,51
53,8,5,2,1,53,80,70,50,59
93,55,55,4,1,99,68,78,99,75
0,0,0,1,1,63,51,52,57,73
24,0,1,0,0,46,48,56,66,42
4,0,0,0,0,47,29,54,50,60
0,0,0,0,0,42,50,63,50,54
17,6,0,0,0,46,51,44,35,58
11,3,11,2,0,73,34,58,76,81
17,0,0,0,0,65,69,84,80,58
75,50,64,4,1,90,92,86,77,79
0,0,0,0,0,57,52,62,72,38
17,4,0,0,0,65,51,42,62,69
48,5,18,3,1,66,62,63,46,65
29,0,6,1,0,47,67,63,57,77
35,0,5,0,0,60,58,54,70,52
35,0,16,0,0,45,66,44,52,39
73,73,40,1,1,83,90,85,70,65
11,8,0,1,0,57,43,49,57,53
12,0,0,1,1,50,49,71,48,66
50,20,26,1,0,52,49,57,66,73
24,24,6,2,0,85,92,91,59,77
56,42,34,1,0,65,76,96,68,72
0,0,0,1,0,52,76,61,51,49
25,15,12,0,0,61,74,81,56,70
54,49,31,3,0,75,71,100,85,52
22,0,4,2,1,54,66,37,47,36
22,0,21,0,0,69,71,70,33,69
83,65,54,3,0,100,95,95,83,77
27,1,19,0,0,44,69,34,57,61
26,6,2,1,1,50,67,53,69,49
0,0,0,0,0,32,33,63,16,20
6,0,0,1,1,62,54,64,44,45
85,63,45,3,1,83,78,75,65,94
55,52,42,3,1,97,77,80,100,82
0,0,0,2,1,57,65,52,44,34
52,44,45,2,1,86,77,64,86,63
30,19,0,2,0,75,69,57,73,60
45,24,0,1,1,55,63,76,55,88
14,13,0,0,0,47,48,62,66,44
55,42,18,1,1,85,83,85,99,80
41,41,20,1,1,70,68,73,79,79
35,26,24,5,1,68,56,40,63,83
28,28,28,1,1,61,66,34,68,65
20,20,18,1,1,77,61,88,94,69
30,11,25,0,0,71,70,74,81,57
28,17,12,0,0,48,56,39,50,62
48,17,23,2,1,63,59,90,58,74
94,58,48,0,0,89,100,64,100,78
0,0,0,1,1,45,59,55,44,55
0,0,0,1,0,71,79,70,46,71
41,26,41,3,1,72,79,30,81,67
49,30,23,0,0,62,79,57,60,66
25,0,10,4,1,41,40,65,51,55
17,7,2,4,1,41,78,66,69,54
41,20,1,1,0,63,78,64,72,57
42,11,0,1,1,30,40,50,47,53
22,0,11,0,0,55,55,37,42,69
43,27,26,2,1,57,60,52,49,57
47,32,15,1,1,56,58,62,70,52
0,0,0,1,0,37,60,72,44,44
0,0,0,1,0,50,58,34,39,44
59,34,22,1,1,68,49,45,68,53
11,0,0,1,1,38,46,33,42,58
18,0,0,0,0,48,73,68,28,53
0,0,0,1,0,46,72,51,37,43
59,15,24,0,0,72,56,86,53,68
32,0,14,2,0,66,86,59,90,46
8,0,8,1,1,50,39,29,40,47
29,29,20,1,0,66,66,82,85,58
73,41,43,0,0,85,81,43,89,82
28,9,23,1,1,78,79,79,78,85
30,13,18,2,1,56,68,54,67,80
94,67,48,0,0,71,67,87,70,63
42,20,25,2,1,54,63,48,72,63
8,0,3,3,1,40,66,55,42,61
65,40,30,1,1,73,85,81,69,62
31,22,31,0,0,57,71,70,84,57
0,0,0,1,1,48,79,50,59,54
14,12,0,0,0,72,58,70,68,75
64,33,25,1,1,71,73,75,59,76
39,26,39,3,1,54,80,49,66,50
0,0,0,1,1,43,60,42,58,54
39,12,0,0,0,67,71,61,72,31
10,0,5,0,0,45,58,56,44,34
46,21,6,1,1,74,74,70,97,68
34,23,15,0,0,69,83,84,47,64
68,44,49,0,0,75,65,97,69,81
65,38,38,3,0,88,72,100,100,65
28,1,5,4,0,49,54,30,53,64
67,38,49,1,1,82,79,63,64,77
20,20,5,2,1,36,81,76,33,62
50,21,17,2,0,68,63,45,67,31
17,1,0,0,0,66,42,48,81,47
67,24,53,3,1,74,97,62,88,80
24,13,0,1,1,65,60,65,58,66
0,0,0,2,0,37,35,83,69,45
61,41,22,5,1,77,83,91,93,65
5,0,0,0,0,51,56,44,62,51
4,0,0,1,1,52,51,70,34,56
42,20,35,2,0,78,80,66,86,88
53,35,23,2,1,77,78,70,70,67
78,40,31,2,1,99,76,66,98,42
88,70,67,3,0,69,74,59,77,85
40,17,35,1,1,62,60,47,54,65
55,34,28,1,1,66,67,34,56,33
8,0,0,3,1,49,60,46,62,41
84,45,55,1,1,97,67,77,74,76
0,0,0,1,1,41,43,45,25,58
12,0,0,0,0,58,35,45,42,50
33,5,33,1,0,61,63,64,60,70
61,31,22,0,0,77,85,75,85,74
88,50,34,5,1,76,70,90,79,62
23,2,0,0,0,51,70,45,70,28
9,0,0,1,1,83,73,74,51,43
50,14,34,1,1,60,53,52,63,84
30,1,14,1,0,61,67,56,51,84
0,0,0,1,1,76,68,76,71,76
0,0,0,3,1,54,65,55,42,63
61,43,25,0,0,71,68,47,52,55
54,2,13,1,1,57,70,75,61,50
21,21,1,4,1,69,63,33,63,65
66,23,24,1,0,44,61,55,85,68
0,0,0,2,1,30,45,61,55,38
57,13,20,1,0,56,69,89,54,64
7,0,0,1,0,49,48,52,68,52
34,0,34,1,1,43,58,79,42,52
0,0,0,0,0,43,46,37,52,65
0,0,0,4,1,56,60,49,51,54
82,54,53,2,1,73,72,78,86,52
15,0,10,0,0,54,53,56,55,69
0,0,0,1,1,44,42,60,37,61
46,0,0,0,0,49,59,61,64,53
55,21,43,1,1,82,53,70,70,55
73,64,36,1,1,70,77,85,61,83
0,0,0,1,0,84,51,46,64,69
12,0,0,0,0,35,35,57,41,51
42,0,18,2,1,43,48,58,48,78
31,0,29,1,1,78,58,57,63,60
24,24,15,2,1,82,79,67,72,71
45,45,40,1,1,84,88,73,82,63
46,46,38,3,1,96,85,91,71,63
17,0,0,0,0,50,69,50,48,39
0,0,0,0,0,31,47,69,44,33
11,0,11,1,1,43,56,40,34,55
0,0,0,0,0,33,42,40,46,56
78,48,75,1,0,92,90,58,80,79
7,0,0,1,0,63,61,67,55,63
55,18,35,1,0,73,71,65,81,68
52,36,19,0,0,80,80,88,62,90
0,0,0,1,0,34,40,31,30,35
0,0,0,0,0,58,53,52,32,18
50,48,25,0,0,70,94,69,85,57
0,0,0,4,1,53,54,32,78,18
1,0,0,1,1,39,36,28,51,24
0,0,0,0,0,51,34,57,58,35
16,3,0,3,0,55,88,58,55,72
3,0,0,2,1,43,51,61,41,46
15,15,9,2,1,73,87,82,83,61
0,0,0,2,1,38,55,47,40,48
5,0,0,0,0,51,70,36,30,41
70,23,22,0,0,54,68,75,50,52
67,37,15,2,1,83,80,58,65,58
25,13,0,2,1,57,85,56,70,52
8,4,0,1,0,79,73,46,41,54
0,0,0,1,0,35,59,29,23,43
64,22,43,2,1,82,58,81,92,84
33,15,9,1,1,58,48,53,50,63
0,0,0,0,0,26,51,25,22,34
43,21,33,5,1,82,48,69,61,66
52,18,10,2,1,75,63,52,53,71
2,0,2,1,0,86,49,49,42,98
23,9,8,0,0,68,65,25,55,59
28,14,18,1,1,39,61,57,53,60
30,30,11,2,1,72,55,57,42,61
33,22,29,4,1,65,60,82,92,62
87,43,35,1,0,65,72,56,59,70
44,44,44,0,0,96,69,56,78,91
0,0,0,1,0,45,63,48,44,49
29,15,6,0,0,68,76,53,58,44
32,28,8,0,0,59,76,60,70,67
84,58,41,1,1,72,95,68,71,87
0,0,0,1,0,70,76,62,80,59
0,0,0,2,1,39,48,63,75,53
7,0,7,1,1,51,64,55,53,57
62,37,6,1,0,67,67,77,88,64
3,0,0,2,0,45,62,68,52,56
0,0,0,0,0,78,69,84,69,50
57,50,44,3,1,99,73,88,75,63
31,1,19,1,1,49,59,41,24,42
58,50,33,1,1,70,87,55,69,68
17,10,0,0,0,78,62,44,44,46
40,36,30,1,1,71,64,90,79,54
31,11,14,3,1,76,57,52,70,69
0,0,0,0,0,28,61,27,30,33
23,0,7,3,0,62,55,72,64,60
16,16,3,2,1,56,54,57,65,48
50,23,10,2,1,42,78,37,54,63
33,24,19,1,1,90,83,83,82,66
27,27,9,0,0,72,39,66,66,58
31,10,0,1,1,52,66,52,31,61
65,38,53,1,0,61,76,61,92,84
67,32,45,0,0,70,60,66,73,91
58,42,31,1,1,77,79,74,62,77
61,43,50,2,1,71,76,87,72,66
25,25,13,2,1,74,58,61,88,63
25,1,1,2,1,63,64,90,48,59
75,41,52,1,0,83,85,96,100,83
0,0,0,1,1,25,49,20,50,56
33,0,22,1,1,56,64,71,45,38
13,1,1,2,1,49,42,57,73,59
0,0,0,1,0,35,45,30,27,49
41,27,29,2,1,61,87,63,91,77
32,29,26,2,1,77,97,58,70,62
48,33,12,2,0,62,74,81,71,72
13,1,0,1,1,54,68,69,54,52
54,29,14,2,0,48,51,74,43,39
5,0,0,3,1,47,64,55,32,36
73,38,27,1,1,82,74,47,53,63
57,25,23,0,0,68,56,73,76,74
18,18,18,0,0,57,65,48,51,58
18,0,8,0,0,37,65,60,44,55
35,0,0,2,1,57,70,68,66,51
24,0,5,4,0,64,60,58,77,80
39,23,5,2,1,69,54,65,62,62
41,16,27,5,1,60,87,65,66,60
74,36,28,2,1,69,66,52,67,66
16,0,0,1,1,55,43,56,58,56
86,63,42,1,0,67,48,100,73,76
30,4,29,3,1,58,49,62,21,53
5,5,1,1,1,43,44,57,42,52
39,20,20,0,0,62,57,72,69,59
26,20,10,2,1,63,36,44,47,54
24,21,21,1,1,87,66,92,76,60
29,0,14,2,0,42,68,66,61,53
14,6,6,0,0,58,100,80,42,65
68,44,43,0,0,81,55,75,87,84
0,0,0,1,1,42,46,47,44,42
0,0,0,1,0,40,55,45,27,37
21,21,0,0,0,75,50,53,34,48
56,20,22,1,1,77,73,79,66,66
36,36,13,3,1,71,68,56,74,65
35,0,30,2,0,70,69,57,54,77
0,0,0,0,0,54,59,59,57,66
60,28,33,3,1,100,73,82,64,88
30,21,30,2,1,94,80,63,61,63
31,20,16,2,0,67,81,57,73,70
4,4,0,2,1,61,72,45,53,46
0,0,0,0,0,26,45,45,41,48
0,0,0,1,1,53,48,55,53,59
35,26,16,2,1,61,48,87,71,81
13,5,0,0,0,56,46,71,52,39
1,0,0,2,1,37,47,42,22,39
0,0,0,0,0,37,30,44,59,33
64,64,64,2,1,69,57,66,80,75
8,0,8,0,0,50,48,57,41,56
12,0,12,2,1,44,83,51,57,36
3,0,0,1,1,25,46,53,55,47
19,19,3,2,0,61,61,57,51,50
0,0,0,1,1,57,70,56,45,49
0,0,0,3,1,18,47,47,28,59
2,2,0,0,0,49,49,64,53,66
9,0,9,1,1,64,42,47,63,50
62,23,62,1,1,85,82,89,68,65
29,2,17,0,0,61,66,79,49,58
44,31,6,2,1,62,69,88,48,67
8,0,0,0,0,62,76,63,48,73
17,17,5,2,1,52,55,75,77,66
43,8,14,2,1,68,59,76,73,76
0,0,0,1,0,48,37,25,48,39
33,0,0,1,0,25,61,63,36,45
50,27,13,1,0,56,80,74,70,62
27,0,14,2,1,59,76,64,89,39
29,6,13,2,1,56,60,58,60,71
0,0,0,1,1,27,46,61,43,38
14,14,3,0,0,55,66,37,41,49
17,6,0,1,1,63,54,58,57,69
22,11,5,2,1,60,79,68,57,43
53,3,0,4,1,46,48,61,67,66
20,1,19,0,0,65,54,81,69,62
43,25,0,3,1,48,80,64,74,70
65,21,1,2,1,54,44,32,59,47
0,0,0,1,1,44,58,43,52,24
0,0,0,1,1,34,45,38,45,60
64,39,26,3,1,80,70,73,80,76
85,85,25,1,1,72,73,57,86,87
37,5,0,2,1,64,66,42,45,65
89,59,40,1,0,80,98,88,88,72
28,11,28,3,1,66,65,49,64,53
19,10,2,0,0,47,90,81,56,64
90,36,32,3,1,69,69,56,75,73
72,29,49,2,0,84,87,74,93,78
62,32,44,0,0,55,66,61,67,43
17,4,0,0,0,55,56,47,52,65
30,30,21,0,0,74,83,57,92,78
54,44,30,0,0,79,82,48,67,71
0,0,0,0,0,43,66,73,35,26
68,20,45,2,0,62,51,65,79,63
34,19,8,1,1,50,85,50,42,38
63,30,43,2,0,50,69,86,50,49
47,47,32,1,1,76,64,62,68,93
94,52,12,2,1,56,71,59,55,77
45,30,12,1,0,46,49,52,45,71
56,38,26,2,1,65,71,57,48,41
0,0,0,0,0,42,74,63,47,34
11,0,0,0,0,48,43,41,41,41
55,21,40,0,0,85,77,72,76,74
15,14,15,1,0,64,62,57,27,50
45,24,33,1,0,88,61,87,86,61
33,15,17,2,1,73,53,61,47,82
51,8,13,2,1,61,64,73,51,90
16,0,0,1,1,42,58,69,62,52
31,22,15,1,1,78,64,48,49,78
45,2,7,2,0,51,82,68,60,55
29,13,14,0,0,79,67,83,83,86
39,34,17,2,1,85,82,45,98,52
27,13,16,1,1,48,82,69,46,70
10,0,0,0,0,32,39,59,40,34
0,0,0,0,0,67,53,21,59,64
49,49,11,2,1,80,76,93,43,57
47,20,40,1,1,82,73,51,80,88
20,14,3,0,0,64,71,64,58,68
69,32,37,1,1,84,52,79,61,51
26,0,13,1,0,59,81,69,66,73
72,45,26,2,1,87,87,74,100,71
41,6,34,1,1,58,76,78,53,88
23,0,6,2,1,68,69,63,55,62
29,24,18,1,1,72,66,46,61,67
0,0,0,0,0,31,50,39,35,32
63,29,31,2,1,78,89,93,81,86
16,11,0,1,1,52,83,52,68,52
28,10,13,2,0,47,40,51,64,65
31,24,21,1,1,64,34,62,71,63
0,0,0,0,0,60,60,50,43,31
46,12,36,1,1,68,51,64,53,55
0,0,0,1,1,34,36,67,69,50
28,6,28,1,0,70,80,64,70,63
37,28,26,1,0,53,89,55,52,63
12,0,0,0,0,69,71,49,47,34
60,48,19,5,1,79,75,62,97,80
54,54,32,3,0,98,83,69,86,98
0,0,0,0,0,53,53,32,33,47
4,0,4,2,1,64,81,60,75,55
42,42,34,2,1,61,71,56,71,63
61,46,20,2,1,82,84,84,91,86
12,8,0,1,0,64,39,63,45,81
27,21,7,5,1,63,60,73,59,66
77,29,57,3,1,100,92,84,91,82
20,9,0,0,0,49,72,57,40,58
43,3,13,2,0,68,46,63,56,78
40,17,1,2,1,52,62,78,79,64
43,7,10,3,1,55,69,66,40,45
32,0,0,1,0,63,58,70,63,41
40,21,37,0,0,62,71,73,69,41
53,50,5,0,0,76,94,41,78,85
58,1,27,1,1,67,70,75,88,60
78,75,57,2,1,98,66,63,78,89
40,8,21,1,1,71,80,82,74,84
63,47,32,3,0,83,92,46,76,39
41,0,0,2,0,51,59,68,43,48
45,0,7,2,0,59,32,45,46,49
17,0,0,2,1,46,59,64,72,50
10,2,0,3,1,76,70,63,66,51
37,16,10,1,0,64,40,57,48,67
19,4,0,1,0,45,48,83,41,42
16,0,0,0,0,54,53,51,32,55
42,5,18,3,1,62,80,47,51,74
39,8,15,3,1,53,75,31,71,66
31,0,8,0,0,65,74,50,61,47
4,4,4,0,0,54,59,49,44,48
29,5,3,1,1,69,63,91,56,65
7,7,0,0,0,69,61,52,61,66
51,30,20,1,1,63,83,89,64,71
24,10,0,4,1,38,28,55,33,57
53,28,42,2,1,49,71,54,65,74
28,18,16,2,0,64,81,76,49,61
16,0,0,0,0,63,78,54,47,64
7,0,0,0,0,79,56,82,55,66
34,18,29,0,0,67,87,54,44,46
20,3,12,2,1,46,64,53,47,58
54,32,7,0,0,54,65,52,38,63
14,0,0,0,0,59,69,64,38,77
1,0,0,1,1,37,61,57,52,59
34,24,34,1,1,68,86,81,49,61
52,12,22,2,1,76,67,36,67,58
12,0,0,2,1,41,84,48,51,33
0,0,0,1,1,49,68,75,56,42
53,36,33,1,1,70,90,85,59,88
0,0,0,0,0,37,62,53,33,44
14,14,14,1,0,61,44,69,99,62
15,9,0,0,0,52,67,64,65,64
61,23,32,2,0,76,43,50,69,65
24,4,0,0,0,69,78,59,67,54
0,0,0,1,1,55,53,58,51,51
25,2,14,1,1,73,59,75,83,52
51,35,26,1,0,75,71,68,65,77
44,10,23,1,1,53,67,42,77,83
51,32,29,1,0,74,100,60,76,66
44,29,0,1,1,63,88,50,53,72
69,35,28,2,0,59,78,73,73,59
35,35,17,1,0,63,84,61,83,57
39,20,39,4,1,72,80,76,67,77
35,0,17,1,0,42,78,68,68,47
13,13,0,1,1,47,80,71,93,56
52,29,32,0,0,62,43,86,43,72
26,0,17,1,0,73,52,56,42,53
12,0,2,2,0,72,66,67,82,50
30,30,10,1,0,55,67,44,66,70
25,0,3,0,0,32,53,43,48,24
0,0,0,3,1,68,65,46,64,66
49,30,22,3,1,74,61,55,71,82
17,3,17,0,0,55,69,50,51,60
26,22,22,2,0,61,58,81,70,58
63,58,35,0,0,87,100,86,75,84
10,10,0,0,0,46,63,48,23,72
24,24,24,0,0,77,57,88,65,75
22,16,0,1,1,56,57,58,52,69
53,22,33,5,1,71,57,77,49,69
2,0,0,1,1,56,57,47,35,44
48,4,0,2,1,62,72,46,91,73
19,0,12,1,1,69,66,60,68,56
44,34,0,1,0,56,50,58,73,41
7,0,0,0,0,36,29,52,30,58
71,32,11,1,1,53,54,92,79,78
0,0,0,2,1,54,43,41,38,52
37,30,23,1,0,70,48,41,64,62
31,9,31,1,1,75,66,40,33,66
58,25,3,1,1,49,65,85,48,47
48,25,33,1,0,70,60,37,67,66
54,52,46,1,1,77,77,75,100,57
65,51,36,3,0,72,83,64,79,71
0,0,0,2,1,64,53,52,62,42
40,24,35,2,1,73,90,100,83,94
48,34,17,0,0,57,72,61,93,89
32,30,10,0,0,65,75,63,27,72
32,22,7,1,1,48,72,42,57,77
0,0,0,0,0,49,53,25,51,68
55,18,10,2,1,43,67,39,49,73
66,48,52,1,0,65,59,73,64,74
89,51,51,3,1,91,81,78,69,84
40,28,39,3,1,89,82,56,51,81
1,1,1,2,0,60,69,73,59,51
40,28,23,3,1,56,74,84,62,72
52,7,30,3,1,72,71,61,62,76
24,17,24,0,0,84,71,74,58,67
31,31,8,3,0,69,87,70,55,58
50,24,38,2,1,36,69,58,66,68
32,4,25,2,1,86,77,42,66,85
0,0,0,1,0,41,79,36,61,64
0,0,0,0,0,44,62,63,43,76
29,16,16,1,1,55,65,77,75,85
22,0,2,2,1,67,78,64,50,66
74,61,56,1,0,87,89,78,93,89
0,0,0,1,0,34,46,53,30,36
28,4,25,3,1,53,41,48,83,66
41,38,28,3,1,76,65,81,68,76
38,0,4,1,1,27,47,51,28,28
11,0,3,0,0,62,92,63,48,52
36,26,30,4,1,89,80,63,61,67
56,32,28,5,1,86,71,78,62,72
27,2,5,0,0,51,63,55,58,68
18,15,18,0,0,72,59,40,42,66
0,0,0,1,1,29,47,19,37,24
5,0,0,1,0,38,41,52,38,38
34,28,1,2,0,68,66,77,59,84
20,10,0,3,1,48,80,72,51,67
12,12,9,0,0,96,61,61,55,66
0,0,0,3,0,61,64,64,60,59
27,9,0,0,0,60,64,54,71,50
42,4,39,1,0,60,80,53,71,56
4,0,0,2,0,33,60,30,31,36
44,38,12,1,0,78,60,61,65,59
82,57,48,2,1,81,80,76,79,84
28,11,0,0,0,46,44,55,68,34
39,39,27,1,1,75,77,73,78,74
15,15,15,0,0,64,78,63,56,62
4,0,0,1,0,60,64,40,71,53
26,2,24,4,1,58,61,53,45,59
7,5,7,2,1,56,51,34,70,63
48,27,45,2,1,98,74,95,67,72
38,8,17,0,0,51,30,55,53,72
29,19,23,2,1,59,73,64,52,64
63,51,29,1,1,98,60,82,79,81
23,4,15,1,1,66,62,52,77,58
58,19,20,2,1,69,92,94,73,48
26,14,16,0,0,44,90,56,85,60
86,34,39,0,0,66,60,52,96,59
0,0,0,1,1,65,35,47,68,66
0,0,0,0,0,37,47,35,47,29
71,54,41,2,0,81,53,82,87,72
9,0,0,1,0,51,53,58,47,69
84,43,33,0,0,60,64,68,89,59
59,54,50,0,0,57,74,68,63,52
0,0,0,1,1,44,55,45,59,38
49,22,27,0,0,62,92,64,71,52
20,11,5,1,1,70,70,68,44,60
46,20,29,4,1,76,89,84,62,58
43,1,30,2,0,72,89,33,47,69
32,32,32,4,1,97,80,44,62,87
14,3,3,2,1,73,68,79,56,73
41,37,6,0,0,55,70,67,63,66
40,0,10,1,1,63,83,74,89,81
29,6,1,1,0,63,62,70,44,82
1,1,1,3,0,56,66,49,51,54
63,33,44,1,0,84,97,74,56,90
24,18,15,0,0,61,75,49,64,57
43,23,31,0,0,62,54,48,67,60
32,9,29,1,0,86,67,74,67,87
60,28,11,2,1,55,66,66,67,47
89,63,44,3,1,81,89,71,83,75
8,0,0,2,1,52,25,40,48,53
33,19,17,2,1,59,92,68,67,54
21,0,8,1,0,43,59,45,56,45
21,0,5,0,0,67,66,88,64,56
0,0,0,0,0,44,62,51,53,59
41,16,20,1,0,57,52,80,77,71
84,68,37,4,1,91,92,100,95,96
54,35,40,3,1,80,71,74,69,83
20,0,11,2,1,43,58,71,64,44
66,30,31,5,1,79,78,77,93,43
0,0,0,1,0,52,55,69,36,46
40,10,21,1,0,56,35,68,54,52
18,0,15,2,1,59,72,48,46,59
23,0,23,0,0,72,57,55,61,39
26,7,13,5,0,31,61,27,72,45
65,34,37,2,1,68,52,73,63,54
16,14,0,1,1,64,83,62,50,24
77,51,33,3,1,91,67,58,70,70
48,21,32,2,0,77,76,78,65,74
2,2,2,1,1,64,57,72,48,70
26,0,0,0,0,46,81,67,78,61
28,0,12,0,0,69,65,55,51,58
23,0,0,1,0,56,55,70,46,65
0,0,0,0,0,44,56,38,21,49
70,32,53,1,1,61,86,73,52,74
27,21,24,1,1,72,76,89,50,54
43,25,10,3,0,62,52,77,69,44
8,0,0,1,0,41,51,44,44,47
77,47,16,3,1,73,50,68,53,67
46,37,25,3,0,86,75,61,77,51
62,32,56,0,0,87,98,100,93,89
71,37,21,1,1,69,78,44,45,52
0,0,0,1,0,20,59,49,16,32
7,2,0,1,1,55,65,53,65,56
18,7,0,1,1,51,66,85,54,70
21,0,11,0,0,32,63,38,38,50
24,0,16,1,1,59,46,68,50,71
61,34,36,1,0,81,77,70,79,73
49,3,29,0,0,79,51,49,79,78
13,13,2,0,0,69,100,38,70,60
28,8,18,0,0,64,58,57,63,59
15,0,1,3,1,45,41,62,48,71
57,24,23,3,1,77,68,65,75,66
106,78,55,0,0,100,79,64,88,97
44,35,9,2,1,75,83,83,68,61
19,19,19,0,0,72,73,54,68,70
3,0,0,2,1,72,44,57,62,53
43,19,15,0,0,48,57,51,42,79
0,0,0,1,1,53,52,42,44,62
50,39,23,1,1,74,77,51,47,71
58,40,37,1,0,77,60,81,73,71
0,0,0,0,0,41,52,42,62,51
24,11,11,0,0,73,77,65,61,48
30,30,30,0,0,74,84,81,75,99
55,31,49,2,1,86,62,73,76,50
38,38,24,0,0,80,83,71,73,81
0,0,0,3,1,40,34,44,36,43
12,1,0,1,0,47,56,66,37,39
0,0,0,1,1,54,60,42,54,45
15,15,0,1,0,60,66,44,77,66
11,0,6,1,0,40,79,38,62,56
29,5,11,0,0,56,68,59,64,70
19,0,10,2,0,55,45,45,59,61
15,0,10,1,1,64,67,61,66,51
19,7,19,2,1,92,66,100,61,57
42,16,18,3,1,76,38,72,75,57
15,15,15,0,0,61,75,65,75,91
8,0,8,2,0,65,53,82,50,61
0,0,0,0,0,38,31,42,17,47
0,0,0,2,0,39,60,62,77,48
53,17,11,2,0,63,71,65,56,64
24,7,0,1,0,71,57,62,72,56
52,28,16,3,1,69,81,85,80,84
51,26,43,2,1,85,74,46,78,77
51,29,25,1,1,90,77,60,60,55
78,62,43,2,1,80,86,76,76,69
40,33,15,2,1,66,87,78,57,66
14,0,11,0,0,46,63,61,38,68
0,0,0,0,0,28,60,53,36,22
35,13,23,1,1,73,67,62,73,74
0,0,0,2,1,43,15,43,40,16
8,0,3,0,0,59,67,48,31,60
27,0,13,1,0,32,64,63,48,63
35,0,33,1,0,64,65,68,67,45
80,59,51,1,1,73,100,92,91,69
27,16,0,0,0,50,42,58,43,46
0,0,0,0,0,23,44,30,25,48
24,24,0,1,0,64,61,59,63,59
0,0,0,1,0,27,62,60,57,41
55,17,38,2,1,63,77,63,57,75
14,0,0,1,1,45,37,48,44,53
84,46,36,2,1,63,63,40,72,76
2,0,0,0,0,47,47,51,60,39
20,11,10,0,0,76,61,55,46,68
0,0,0,0,0,37,51,54,37,48
31,3,18,1,1,91,100,63,51,47
47,25,33,2,1,80,70,90,87,75
36,31,20,1,1,56,73,73,75,64
0,0,0,1,1,44,39,57,63,32
0,0,0,0,0,56,63,54,66,68
7,0,0,1,0,63,53,61,44,58
9,0,0,1,1,50,63,64,63,44
40,28,20,4,0,70,78,85,81,77
29,20,18,1,1,79,70,50,52,76
39,24,13,1,1,92,54,65,78,51
0,0,0,2,1,50,52,59,52,52
53,53,29,5,1,72,85,65,86,63
35,21,14,3,1,60,70,69,65,66
19,3,19,1,1,67,60,82,43,75
0,0,0,0,0,36,36,33,14,26
55,26,32,0,0,42,54,64,66,87
34,15,8,1,0,54,79,33,43,51
0,0,0,0,0,45,69,68,54,48
61,31,14,3,1,84,73,70,93,69
72,23,16,3,1,53,64,78,67,68
59,59,42,1,0,73,72,61,65,63
12,0,0,1,1,34,48,49,47,27
11,0,0,3,1,52,62,48,68,35
43,24,19,1,1,58,66,66,53,51
0,0,0,0,0,49,60,74,31,49
2,0,0,0,0,55,65,51,38,51
0,0,0,1,0,45,50,63,25,33
45,27,16,2,0,56,80,66,52,55
0,0,0,0,0,48,28,32,34,49
16,0,3,1,0,58,54,59,54,50
16,8,0,3,1,61,62,67,56,82
49,20,49,1,1,100,67,66,100,81
12,0,12,2,1,44,36,59,35,51
9,0,0,3,1,71,50,66,66,31
56,18,48,2,1,79,78,76,64,77
0,0,0,0,0,41,47,43,34,43
14,14,14,0,0,63,44,66,29,46
38,7,15,2,1,78,71,42,65,61
82,66,47,2,0,94,65,86,76,77
87,58,38,2,1,67,71,78,94,83
69,57,41,1,0,76,74,72,67,51
27,22,4,0,0,50,40,54,57,61
10,10,0,0,0,54,52,57,55,63
31,27,27,1,1,86,80,47,58,54
1,0,0,0,0,55,77,45,46,56
0,0,0,0,0,56,65,69,36,38
25,0,0,1,1,29,37,18,39,41
10,0,0,3,1,62,59,63,73,57
49,13,17,0,0,60,49,49,49,31
0,0,0,1,0,59,97,53,48,62
46,37,12,2,0,73,67,79,59,74
9,6,0,1,1,55,38,46,47,41
52,19,14,2,1,68,88,65,63,68
57,20,31,1,1,76,97,76,86,65
23,8,3,3,1,70,68,64,68,66
10,0,0,0,0,58,49,25,34,41
8,0,0,3,0,59,55,76,61,55
20,0,20,3,1,63,48,61,64,58
39,24,2,3,1,61,74,72,49,61
12,11,8,0,0,62,57,55,56,60
0,0,0,0,0,39,35,33,38,39
34,34,18,1,1,66,77,87,87,62
33,33,29,1,1,85,80,87,97,64
17,0,0,1,0,33,75,62,69,49
25,12,0,1,1,67,56,29,61,64
0,0,0,0,0,32,65,35,61,33
33,0,14,1,1,66,64,56,67,56
10,2,10,3,1,52,38,53,35,42
27,11,18,1,0,59,52,50,53,65
47,37,3,2,0,54,93,72,58,57
27,27,21,0,0,71,54,51,53,60
27,0,0,2,1,52,54,68,43,59
18,6,5,3,1,48,46,50,68,45
44,14,0,1,0,55,54,37,56,61
6,0,0,0,0,53,77,49,23,57
0,0,0,0,0,29,47,19,29,24
13,0,0,0,0,44,54,75,47,45
40,3,20,0,0,55,83,55,30,69
6,0,0,1,1,40,50,76,40,52
13,0,0,2,1,62,57,42,68,45
33,21,15,1,0,58,69,66,49,62
20,10,20,1,0,64,84,69,46,70
66,41,28,1,1,78,70,76,66,80
40,14,0,2,1,63,62,41,75,58
0,0,0,0,0,34,36,53,26,26
51,19,6,2,0,64,59,75,60,80
51,45,24,2,1,78,90,57,63,77
0,0,0,0,0,69,56,66,61,51
72,28,26,1,0,76,88,80,76,77
40,24,26,1,0,61,72,66,78,66
0,0,0,1,1,76,73,67,47,60
28,19,16,4,0,46,69,57,51,76
45,15,22,5,0,79,87,78,80,60
0,0,0,0,0,40,53,38,27,23
19,0,0,1,1,51,33,55,63,48
69,33,50,1,0,96,92,99,99,100
0,0,0,0,0,39,52,48,50,40
77,62,47,3,1,97,61,94,100,65
0,0,0,1,1,31,57,46,28,16
11,0,11,0,0,55,58,63,46,56
55,17,35,0,0,83,100,65,67,77
4,0,0,3,0,60,53,56,56,56
18,3,4,2,1,62,59,43,59,49
51,1,16,2,1,37,68,53,59,65
27,0,26,0,0,60,53,60,69,76
49,20,14,3,1,59,80,72,70,61
29,6,26,1,1,74,77,79,62,81
36,33,14,3,1,63,59,78,44,65
8,0,0,0,0,55,63,68,66,54
9,9,0,1,1,67,66,53,58,62
29,9,0,1,1,41,32,58,44,47
0,0,0,1,0,48,54,54,50,59
0,0,0,0,0,51,66,60,32,67
37,37,30,3,1,64,92,50,78,78
0,0,0,1,0,38,46,52,53,65
27,0,0,0,0,52,46,46,46,36
25,3,13,3,1,67,66,65,73,51
49,24,34,1,1,59,67,78,84,93
27,21,0,1,0,32,65,44,62,61
21,0,0,1,1,56,59,55,70,59
12,0,0,1,0,51,59,52,46,44
1,1,0,1,1,46,49,60,69,42
0,0,0,2,0,51,62,56,47,14
0,0,0,1,1,70,57,50,63,77
25,9,0,0,0,44,60,69,74,69
15,0,7,0,0,53,55,45,38,47
15,0,0,1,0,56,55,37,47,40
56,24,18,4,1,67,100,32,57,51
42,41,29,1,1,67,54,76,63,60
8,8,8,2,0,76,58,63,54,71
25,2,19,2,1,53,71,50,57,48
8,2,0,3,0,65,85,41,66,50
0,0,0,0,0,24,29,49,28,54
13,13,13,0,0,52,52,46,31,39
0,0,0,3,1,60,45,62,47,64
12,0,0,0,0,32,56,40,50,46
0,0,0,2,0,53,65,58,10,70
24,0,7,1,1,52,49,60,62,46
0,0,0,0,0,26,32,16,44,39
63,36,25,1,1,59,86,78,55,78
30,0,0,1,0,51,48,59,29,67
54,30,33,1,0,76,92,34,63,74
0,0,0,0,0,50,58,52,50,52
55,51,11,1,1,69,70,52,57,83
46,14,27,1,1,59,50,68,61,50
0,0,0,2,1,58,57,76,60,60
37,37,5,0,0,70,59,64,86,73
54,27,30,1,0,46,64,73,75,73
65,49,63,0,0,86,84,81,90,86
42,32,38,0,0,94,100,83,100,76
57,23,25,2,0,70,74,76,54,57
59,39,23,0,0,68,83,59,44,53
55,28,15,1,1,57,51,60,73,55
63,33,43,2,1,100,83,100,100,93
1,0,0,1,1,61,49,63,58,80
47,47,26,2,1,68,95,74,71,72
55,28,39,2,1,91,80,81,78,78
0,0,0,0,0,40,48,51,39,45
22,22,6,1,0,80,68,65,68,57
23,0,23,2,0,59,58,83,55,44
0,0,0,2,1,29,22,35,24,13
19,1,7,1,0,38,41,34,59,45
17,3,1,2,1,53,72,65,47,49
24,20,21,3,0,62,70,66,86,64
58,47,34,1,1,62,62,42,78,71
23,7,0,5,1,55,51,80,66,32
26,25,4,1,1,66,79,56,68,65
51,7,18,1,1,57,55,51,55,55
52,26,41,1,1,88,66,77,75,76
68,47,42,3,1,81,71,67,57,42
25,12,5,0,0,51,50,37,58,54
39,0,0,1,1,64,81,73,73,81
29,0,0,1,1,32,42,33,46,33
35,31,10,2,1,56,64,63,72,80
40,23,40,1,0,72,60,55,58,48
40,31,14,0,0,62,61,66,88,75
0,0,0,0,0,45,62,69,62,51
0,0,0,0,0,47,71,65,53,78
81,50,28,3,1,64,83,63,57,61
50,35,13,2,1,81,69,54,41,54
85,41,69,2,1,59,85,76,81,85
51,14,0,0,0,68,41,58,69,46
0,0,0,1,1,56,84,56,52,73
55,44,37,1,0,68,82,88,77,91
17,1,0,1,1,48,59,63,58,41
11,9,0,1,1,50,45,56,50,42
35,0,0,1,1,55,71,56,64,61
14,0,0,0,0,49,69,88,44,54
27,27,0,0,0,55,58,59,72,61
40,19,13,1,1,72,68,66,57,63
31,18,31,0,0,86,73,91,60,76
30,8,0,1,0,66,70,55,61,60
15,2,0,0,0,37,43,40,51,39
0,0,0,0,0,50,70,58,51,40
50,47,8,2,0,60,60,72,63,67
38,19,0,1,1,59,65,85,57,50
18,13,18,0,0,53,51,60,66,59
13,6,0,1,1,64,41,70,79,44
23,3,13,2,1,61,73,52,69,63
0,0,0,0,0,36,76,47,61,49
0,0,0,2,0,68,100,84,81,53
40,9,27,2,0,66,59,48,34,21
4,0,4,2,1,59,66,55,59,81
0,0,0,0,0,56,56,83,72,65
21,0,0,0,0,25,21,33,28,33
36,6,19,2,1,69,59,61,62,68
46,2,13,1,1,51,67,63,57,45
0,0,0,0,0,18,53,51,54,45
45,32,3,2,1,83,94,70,54,44
29,18,24,2,1,70,75,66,68,73
14,0,4,3,1,64,58,49,50,51
19,0,9,0,0,66,50,73,47,59
10,0,0,1,1,40,48,55,38,55
7,0,2,1,1,45,62,56,32,43
96,47,48,5,1,79,64,55,91,63
33,24,31,0,0,64,63,78,75,83
87,30,43,1,1,84,73,94,71,97
21,12,0,0,0,47,68,56,43,55
54,28,12,1,0,51,58,82,38,72
19,9,19,3,0,63,58,52,76,66
53,31,26,2,0,75,68,81,68,58
10,6,1,0,0,58,66,61,60,47
13,0,1,0,0,40,40,53,44,44
12,0,6,0,0,49,57,50,65,55
0,0,0,0,0,47,63,66,43,48
11,6,3,1,1,48,74,68,65,69
27,27,11,0,0,98,86,49,64,92
45,28,18,1,0,68,60,67,88,65
51,19,25,2,1,84,70,73,82,61
0,0,0,3,0,51,62,78,58,47
10,5,0,1,1,54,58,72,54,43
14,0,0,0,0,40,44,54,30,39
14,0,0,0,0,62,47,46,50,58
56,35,56,0,0,74,86,77,100,69
14,4,0,0,0,55,51,43,51,54
65,37,45,2,1,61,81,60,79,75
30,12,8,0,0,78,55,75,45,79
25,21,18,0,0,54,73,53,36,52
20,0,20,1,1,43,76,35,57,50
34,0,3,1,0,64,100,42,69,77
32,8,23,0,0,57,55,73,55,42
28,0,20,2,1,74,71,57,74,74
18,0,18,3,0,38,63,50,57,25
67,41,52,4,1,63,67,61,64,70
0,0,0,1,0,27,39,52,23,25
27,14,13,0,0,60,74,68,62,70
52,34,14,2,1,77,44,89,64,71
28,2,0,0,0,42,63,29,60,41
24,14,0,1,0,51,57,39,49,73
85,75,48,2,1,82,68,62,97,86
39,9,4,0,0,84,73,52,50,64
16,0,0,2,1,69,56,57,50,50
0,0,0,1,0,49,57,35,60,47
24,19,1,3,1,66,72,70,78,80
31,10,1,1,1,62,62,52,46,56
14,0,14,0,0,62,68,87,67,81
0,0,0,2,1,72,69,56,59,56
18,0,0,0,0,58,49,65,44,55
0,0,0,0,0,59,46,48,46,53
22,4,7,0,0,51,60,56,54,45
0,0,0,0,0,48,44,54,40,41
20,0,2,0,0,66,64,59,43,64
52,52,30,1,1,96,70,64,63,73
24,15,0,3,0,58,61,57,24,59
9,9,0,3,0,66,69,65,70,56
23,23,3,0,0,57,62,71,47,73
52,36,40,0,0,86,74,89,51,61
38,21,30,2,0,40,66,60,81,65
3,0,0,0,0,55,37,50,65,57
75,39,31,1,0,83,100,75,82,87
0,0,0,3,1,58,66,56,52,51
5,0,0,0,0,46,56,47,57,65
28,23,0,2,0,59,61,63,56,81
35,21,6,1,1,77,77,49,83,64
26,8,0,0,0,64,72,79,41,45
38,8,38,0,0,64,86,71,35,65
24,4,12,1,1,66,70,51,54,57
6,6,6,1,0,88,57,39,54,59
42,13,14,1,0,39,62,32,57,50
0,0,0,1,0,44,44,58,51,50
5,0,0,1,1,41,48,75,50,62
58,30,49,3,1,89,71,91,80,76
7,7,6,1,0,74,54,65,57,66
34,10,17,2,1,48,45,75,46,34
49,26,11,3,1,60,60,70,60,73
4,3,0,2,0,72,55,73,69,66
23,17,0,1,1,57,68,46,63,68
6,0,0,0,0,42,70,27,53,46
39,25,1,2,1,78,78,94,93,91
18,7,0,1,0,70,63,89,72,58
36,0,2,4,1,62,43,57,50,64
1,0,0,0,0,54,44,80,59,33
49,21,20,2,0,70,80,46,48,67
54,54,24,0,0,70,83,84,64,62
0,0,0,2,0,47,63,34,45,57
43,22,16,0,0,75,70,59,71,82
13,0,13,1,1,58,53,54,56,46
0,0,0,1,0,24,30,33,13,10
10,0,10,1,1,56,52,52,70,79
21,14,9,3,1,71,83,60,70,39
42,10,17,1,0,56,62,58,77,67
0,0,0,1,1,27,31,44,27,42
28,1,0,1,0,52,80,52,43,44
40,14,28,1,1,60,68,65,61,88
35,10,34,0,0,44,60,75,54,69
8,8,4,2,1,76,81,49,59,50
31,4,11,3,1,45,69,23,31,50
31,1,25,0,0,73,72,55,48,43
65,58,43,3,0,98,92,77,100,92
51,34,25,0,0,75,62,63,69,78
74,42,17,3,1,59,64,52,69,64
39,33,23,2,1,85,82,59,81,66
43,20,30,4,1,54,62,65,83,58
15,1,0,2,1,57,50,42,41,42
0,0,0,0,0,33,48,36,41,57
31,0,0,1,1,83,77,44,68,72
15,0,5,0,0,48,79,55,50,33
0,0,0,1,1,54,67,57,58,57
21,4,8,1,1,63,59,36,46,41
37,17,14,2,1,90,78,70,100,72
46,18,6,0,0,51,45,42,48,61
33,6,25,1,0,68,79,57,22,74
30,11,30,2,1,87,82,69,79,49
8,0,0,2,1,51,59,55,45,45
34,9,11,0,0,47,30,69,50,65
29,13,8,3,1,63,78,39,59,82
28,21,24,3,0,76,61,70,90,73
0,0,0,0,0,44,67,41,57,45
19,0,2,1,1,61,54,40,35,81
2,2,2,0,0,47,50,72,37,46
28,3,0,2,1,61,60,64,72,43
52,32,14,0,0,74,74,77,82,57
41,4,27,2,1,41,75,49,58,63
26,2,26,2,0,56,79,58,92,58
2,0,2,1,1,52,60,50,63,53
34,0,0,1,0,41,54,58,32,52
0,0,0,3,1,30,34,54,39,35
0,0,0,1,0,73,42,41,59,47
65,11,28,0,0,62,44,49,88,76
26,0,1,4,1,80,58,79,48,51
35,30,17,2,1,50,68,50,60,45
22,7,6,3,0,47,93,88,59,69
53,34,45,2,1,75,77,68,58,83
36,23,8,0,0,68,98,70,57,67
64,32,33,1,0,84,82,74,97,80
20,4,0,2,1,53,75,45,60,57
26,5,1,4,1,61,60,42,54,44
68,49,26,1,0,87,84,57,83,48
46,24,29,2,1,53,36,41,47,64
68,29,31,5,0,71,73,82,77,76
6,1,5,3,1,72,59,70,59,75
43,0,22,1,0,66,66,51,69,55
20,13,0,0,0,54,50,61,54,45
0,0,0,1,0,53,60,65,60,43
44,13,8,0,0,45,58,37,54,63
0,0,0,2,1,49,53,48,47,30
18,10,18,1,1,59,69,78,55,52
15,4,0,0,0,40,44,38,35,49
47,0,23,2,0,62,69,44,43,63
0,0,0,1,0,31,73,55,64,34
38,13,0,3,1,49,46,49,49,64
14,14,9,0,0,73,92,46,74,90
20,20,0,1,1,60,76,97,89,71
19,0,9,2,1,33,52,46,57,47
38,16,12,4,1,52,48,69,61,62
41,30,0,0,0,57,76,53,47,61
0,0,0,2,1,47,47,58,38,64
47,20,0,0,0,48,68,40,49,61
7,2,0,1,0,39,69,68,51,62
0,0,0,0,0,40,40,58,36,56
25,14,2,0,0,68,62,50,80,45
1,1,0,3,1,61,68,78,65,54
23,23,23,2,1,83,55,57,46,53
44,12,31,0,0,51,41,74,53,49
26,13,26,0,0,64,70,77,45,67
18,5,18,2,1,46,47,55,54,72
70,50,32,3,1,77,83,43,73,69
19,0,4,0,0,49,64,72,57,37
0,0,0,0,0,38,64,49,61,63
83,64,64,3,1,90,86,69,100,94
10,1,0,1,1,61,57,75,40,54
8,0,2,3,1,65,70,68,50,65
74,37,30,0,0,57,54,69,40,43
60,21,16,2,1,100,73,83,75,66
23,0,0,1,1,51,60,47,41,50
35,26,9,0,0,45,58,76,55,53
62,37,46,0,0,76,86,69,74,77
1,0,1,1,1,58,45,53,48,69
0,0,0,1,0,47,40,66,28,63
63,37,42,3,1,76,77,82,70,69
44,23,35,3,0,60,82,63,87,80
37,0,1,0,0,63,58,59,58,51
38,10,18,0,0,56,55,59,68,69
6,6,3,1,0,67,48,64,58,48
7,0,7,2,1,60,65,54,58,53
39,17,27,1,0,72,64,59,75,74
28,0,1,2,1,79,49,61,44,54
27,27,0,1,1,67,48,68,71,68
33,11,33,3,0,97,81,72,70,100
36,24,36,0,0,88,57,65,72,70
30,17,25,2,1,68,71,44,59,68
41,25,26,4,1,58,92,88,53,61
31,14,8,3,1,69,56,68,46,69
17,7,4,3,1,81,76,65,54,70
41,37,20,2,1,65,68,46,68,61
100,72,63,3,0,100,100,100,91,100
0,0,0,0,0,34,37,28,28,37
28,11,13,0,0,45,70,54,44,56
44,28,16,2,0,51,71,72,52,54
12,7,5,0,0,73,51,62,62,72
15,10,15,1,0,75,84,78,90,62
14,0,5,0,0,50,74,50,63,66
39,5,7,3,1,47,85,66,53,57
35,0,0,0,0,64,71,47,61,51
63,48,29,2,0,74,80,74,76,56
22,22,18,1,1,74,56,57,43,70
37,0,3,2,1,63,53,53,59,57
2,0,2,3,1,63,84,57,46,52
21,21,11,2,1,55,71,80,72,73
59,9,13,1,1,60,67,40,56,68
0,0,0,1,1,49,42,54,28,44
46,39,20,2,0,55,68,40,72,85
45,16,22,0,0,70,63,74,52,58
34,26,22,3,1,85,63,67,84,74
56,56,29,4,1,93,73,76,86,83
3,3,0,1,0,75,66,63,52,36
0,0,0,0,0,39,63,33,45,41
69,18,24,0,0,85,92,73,87,75
0,0,0,1,1,36,23,37,46,34
0,0,0,0,0,44,43,36,14,28
37,12,12,1,1,60,62,82,66,57
29,29,2,3,1,59,67,53,47,31
12,9,3,1,0,49,62,44,56,62
51,51,37,2,0,86,91,86,84,80
39,0,5,1,0,51,43,45,63,30
78,59,47,2,1,63,88,73,66,87
5,0,0,1,1,45,57,43,37,27
0,0,0,1,0,49,44,47,57,48
0,0,0,1,0,31,58,70,60,48
16,4,12,1,1,74,72,62,88,60
14,1,14,1,1,51,60,39,76,32
24,0,1,1,0,52,40,53,51,50
24,8,9,0,0,57,60,90,55,48
85,29,32,1,0,81,86,72,66,83
41,30,39,1,0,74,68,89,68,78
70,46,28,5,0,69,76,61,81,80
42,8,8,1,0,64,40,44,43,61
0,0,0,0,0,33,34,53,47,45
11,0,0,5,1,34,65,35,42,52
33,33,2,0,0,84,80,68,84,65
46,9,20,2,0,43,48,51,58,63
30,25,27,0,0,72,67,83,60,62
26,11,0,0,0,38,39,50,60,54
48,34,23,1,1,71,62,92,67,73
36,8,35,2,0,72,43,75,70,53
10,0,10,0,0,42,71,42,65,57
42,18,14,2,1,53,60,48,38,68
34,8,14,2,1,49,53,51,49,59
0,0,0,0,0,27,53,53,55,48
2,0,2,0,0,57,47,52,53,32
15,0,0,0,0,52,41,50,61,64
59,23,33,3,1,73,68,66,56,58
0,0,0,1,1,45,71,48,51,42
7,7,0,1,1,54,67,33,64,72
16,16,13,3,1,48,69,63,69,62
19,19,1,1,1,49,57,91,37,52
73,34,53,1,1,83,98,78,57,83
