agent_id,previous_experience_months,sales_experience_months,customer_service_experience_months,certification_count,relevant_certification,assessment_score,communication_score,product_knowledge_score,sales_skill_score,customer_service_score,competency_level
AGT00001,28,18,16,2,0,64,81,76,49,61,Needs Improvement
AGT00002,0,0,0,1,0,52,76,61,51,49,Basic
AGT00003,53,33,37,0,0,86,76,73,70,74,Advanced
AGT00004,53,53,36,2,1,72,67,56,87,67,Advanced
AGT00005,0,0,0,0,0,42,44,34,31,33,Needs Improvement
AGT00006,24,0,4,1,1,53,47,71,39,63,Advanced
AGT00007,31,10,1,1,1,62,62,52,46,56,Needs Improvement
AGT00008,4,4,0,3,1,68,70,66,61,73,Basic
AGT00009,51,11,17,1,0,73,68,49,54,57,Competent
AGT00010,24,16,6,0,0,63,69,66,41,52,Competent
AGT00011,25,24,0,2,1,78,78,60,60,65,Competent
AGT00012,78,44,45,3,1,93,62,55,78,73,Advanced
AGT00013,43,27,26,2,1,57,60,52,49,57,Advanced
AGT00014,52,52,30,1,1,96,70,64,63,73,Advanced
AGT00015,68,35,20,2,0,75,67,70,78,84,Basic
AGT00016,16,0,0,0,0,63,78,54,47,64,Competent
AGT00017,37,37,30,3,1,64,92,50,78,78,Competent
AGT00018,0,0,0,2,1,57,65,52,44,34,Competent
AGT00019,58,29,43,1,1,86,75,54,70,57,Advanced
AGT00020,38,16,12,4,1,52,48,69,61,62,Advanced
AGT00021,27,12,7,0,0,58,66,70,74,67,Basic
AGT00022,2,0,0,0,0,34,49,55,67,47,Needs Improvement
AGT00023,57,20,31,1,1,76,97,76,86,65,Advanced
AGT00024,26,0,16,1,1,53,44,82,49,76,Basic
AGT00025,0,0,0,3,1,54,65,55,42,63,Competent
AGT00026,0,0,0,1,0,84,51,46,64,69,Needs Improvement
AGT00027,51,19,25,2,1,84,70,73,82,61,Competent
AGT00028,0,0,0,0,0,54,77,50,76,56,Basic
AGT00029,42,20,30,5,1,72,81,62,65,77,Competent
AGT00030,30,19,0,2,0,75,69,57,73,60,Basic
AGT00031,96,47,60,3,1,87,96,71,94,77,Advanced
AGT00032,13,0,13,1,1,58,53,54,56,46,Basic
AGT00033,32,15,25,2,0,58,63,68,57,51,Competent
AGT00034,7,2,0,1,0,39,69,68,51,62,Basic
AGT00035,44,16,19,2,1,61,75,79,57,48,Competent
AGT00036,66,41,28,1,1,78,70,76,66,80,Advanced
AGT00037,19,19,3,2,0,61,61,57,51,50,Competent
AGT00038,31,4,11,3,1,45,69,23,31,50,Competent
AGT00039,0,0,0,1,0,44,44,58,51,50,Basic
AGT00040,48,25,33,1,0,70,60,37,67,66,Competent
AGT00041,61,34,55,0,0,80,80,43,79,68,Competent
AGT00042,53,26,24,2,1,68,65,64,82,61,Competent
AGT00043,51,14,0,0,0,68,41,58,69,46,Competent
AGT00044,21,0,0,2,1,59,84,57,77,77,Competent
AGT00045,8,0,8,2,0,65,53,82,50,61,Basic
AGT00046,16,7,7,3,1,62,65,69,44,60,Basic
AGT00047,59,32,41,1,1,79,66,66,82,63,Basic
AGT00048,43,14,12,3,1,58,64,81,79,57,Competent
AGT00049,45,24,33,1,0,88,61,87,86,61,Competent
AGT00050,11,6,3,1,1,48,74,68,65,69,Advanced
AGT00051,50,35,13,2,1,81,69,54,41,54,Advanced
AGT00052,21,14,9,3,1,71,83,60,70,39,Basic
AGT00053,22,0,0,0,0,48,43,29,50,47,Basic
AGT00054,75,22,49,1,1,70,87,58,72,58,Advanced
AGT00055,27,14,5,1,0,64,37,43,72,48,Basic
AGT00056,28,10,13,2,0,47,40,51,64,65,Basic
AGT00057,16,14,0,1,1,64,83,62,50,24,Basic
AGT00058,27,27,11,0,0,98,86,49,64,92,Advanced
AGT00059,2,0,0,1,1,43,60,37,56,64,Needs Improvement
AGT00060,30,21,30,2,1,94,80,63,61,63,Advanced
AGT00061,0,0,0,1,1,44,55,45,59,38,Needs Improvement
AGT00062,54,32,7,0,0,54,65,52,38,63,Competent
AGT00063,38,10,18,0,0,56,55,59,68,69,Competent
AGT00064,49,19,30,3,0,68,81,57,70,60,Basic
AGT00065,39,26,39,3,1,54,80,49,66,50,Basic
AGT00066,43,31,28,1,1,69,90,61,59,94,Advanced
AGT00067,40,3,20,0,0,55,83,55,30,69,Basic
AGT00068,20,3,12,2,1,46,64,53,47,58,Basic
AGT00069,57,31,16,2,1,80,59,70,64,70,Competent
AGT00070,23,0,0,1,0,58,84,65,69,65,Advanced
AGT00071,0,0,0,0,0,40,40,58,36,56,Needs Improvement
AGT00072,0,0,0,1,1,44,58,43,52,24,Advanced
AGT00073,0,0,0,0,0,53,53,32,33,47,Competent
AGT00074,35,35,21,2,1,69,65,82,73,60,Advanced
AGT00075,34,1,15,3,0,58,76,67,33,60,Basic
AGT00076,21,6,0,2,1,72,75,55,91,74,Competent
AGT00077,21,0,21,1,1,56,67,61,52,36,Competent
AGT00078,34,10,4,2,1,54,57,76,27,45,Needs Improvement
AGT00079,4,3,4,1,0,68,69,89,56,57,Needs Improvement
AGT00080,7,0,0,1,0,63,53,61,44,58,Basic
AGT00081,46,37,12,2,0,73,67,79,59,74,Competent
AGT00082,24,14,0,1,0,51,57,39,49,73,Basic
AGT00083,2,0,2,3,1,63,84,57,46,52,Competent
AGT00084,25,2,0,0,0,48,58,53,45,66,Needs Improvement
AGT00085,24,10,0,4,1,38,28,55,33,57,Needs Improvement
AGT00086,54,27,8,4,1,66,87,86,76,71,Competent
AGT00087,19,0,12,1,1,69,66,60,68,56,Competent
AGT00088,22,0,17,0,0,64,64,49,55,56,Needs Improvement
AGT00089,28,11,28,3,1,66,65,49,64,53,Basic
AGT00090,47,33,14,0,0,82,58,86,53,51,Basic
AGT00091,47,47,26,2,1,68,95,74,71,72,Competent
AGT00092,39,16,0,2,1,81,65,66,62,57,Advanced
AGT00093,24,0,1,1,0,52,40,53,51,50,Competent
AGT00094,43,3,9,2,0,52,68,64,62,67,Basic
AGT00095,0,0,0,0,0,39,63,33,45,41,Basic
AGT00096,15,0,5,3,1,41,52,53,31,36,Basic
AGT00097,19,1,7,1,0,38,41,34,59,45,Competent
AGT00098,0,0,0,1,0,72,43,47,46,60,Basic
AGT00099,5,5,5,1,1,70,58,56,83,51,Needs Improvement
AGT00100,40,5,7,1,1,54,74,11,55,54,Competent
AGT00101,27,14,3,1,0,53,60,53,80,55,Basic
AGT00102,25,25,13,2,1,74,58,61,88,63,Competent
AGT00103,10,0,0,2,1,67,66,55,57,52,Competent
AGT00104,59,54,50,0,0,57,74,68,63,52,Basic
AGT00105,6,0,0,1,1,40,50,76,40,52,Basic
AGT00106,17,14,7,0,0,57,51,63,64,41,Competent
AGT00107,36,0,2,4,1,62,43,57,50,64,Competent
AGT00108,4,4,4,3,1,54,75,64,48,55,Basic
AGT00109,32,32,32,1,0,77,76,80,80,63,Advanced
AGT00110,0,0,0,1,1,40,53,51,41,57,Needs Improvement
AGT00111,46,30,18,1,0,79,72,69,76,52,Competent
AGT00112,44,28,16,2,0,51,71,72,52,54,Competent
AGT00113,35,1,10,1,0,61,53,24,64,33,Basic
AGT00114,5,0,0,1,1,41,48,75,50,62,Needs Improvement
AGT00115,40,8,21,1,1,71,80,82,74,84,Advanced
AGT00116,15,0,15,0,0,48,77,59,64,36,Basic
AGT00117,36,31,0,0,0,65,53,45,63,51,Competent
AGT00118,32,25,0,5,1,61,63,77,59,60,Competent
AGT00119,66,35,34,2,1,74,91,66,100,71,Advanced
AGT00120,39,5,7,3,1,47,85,66,53,57,Competent
AGT00121,20,0,20,1,1,43,76,35,57,50,Needs Improvement
AGT00122,34,25,27,2,0,65,57,92,58,68,Advanced
AGT00123,20,0,20,0,0,58,83,44,38,51,Basic
AGT00124,58,42,31,1,1,77,79,74,62,77,Advanced
AGT00125,46,37,22,2,1,56,86,41,76,55,Competent
AGT00126,41,20,1,1,0,63,78,64,72,57,Needs Improvement
AGT00127,99,68,60,4,1,90,64,69,86,57,Competent
AGT00128,0,0,0,1,0,53,60,65,60,43,Needs Improvement
AGT00129,25,2,19,2,1,53,71,50,57,48,Competent
AGT00130,31,0,1,1,1,52,55,67,39,62,Competent
AGT00131,24,18,4,1,0,49,58,44,63,55,Basic
AGT00132,45,0,7,2,0,59,32,45,46,49,Needs Improvement
AGT00133,36,26,30,4,1,89,80,63,61,67,Competent
AGT00134,31,10,0,1,1,61,65,65,63,31,Competent
AGT00135,0,0,0,0,0,66,39,53,44,22,Needs Improvement
AGT00136,3,0,0,2,1,43,51,61,41,46,Competent
AGT00137,41,37,6,0,0,55,70,67,63,66,Advanced
AGT00138,62,37,6,1,0,67,67,77,88,64,Advanced
AGT00139,76,40,45,1,1,86,85,67,99,71,Advanced
AGT00140,111,79,86,0,0,100,73,92,99,91,Advanced
AGT00141,37,18,37,2,1,65,85,86,65,63,Competent
AGT00142,4,4,0,1,0,41,55,30,31,59,Basic
AGT00143,36,0,18,1,0,26,30,48,57,50,Needs Improvement
AGT00144,42,16,18,3,1,76,38,72,75,57,Basic
AGT00145,1,1,1,2,0,60,69,73,59,51,Basic
AGT00146,9,0,0,2,1,52,68,67,27,59,Needs Improvement
AGT00147,1,0,0,1,1,37,61,57,52,59,Competent
AGT00148,44,41,7,1,1,50,74,65,60,78,Basic
AGT00149,45,28,2,1,0,91,86,61,80,68,Advanced
AGT00150,35,0,30,2,0,70,69,57,54,77,Advanced
AGT00151,26,5,1,4,1,61,60,42,54,44,Competent
AGT00152,22,16,0,2,1,65,50,71,57,42,Competent
AGT00153,0,0,0,0,0,58,53,52,32,18,Basic
AGT00154,1,0,0,0,0,55,77,45,46,56,Needs Improvement
AGT00155,33,5,33,1,0,61,63,64,60,70,Competent
AGT00156,76,43,70,2,1,80,100,92,97,51,Advanced
AGT00157,39,22,0,0,0,61,71,75,72,62,Needs Improvement
AGT00158,35,35,18,2,1,61,79,58,85,77,Advanced
AGT00159,32,21,0,1,0,42,89,16,56,61,Basic
AGT00160,0,0,0,1,0,31,73,55,64,34,Basic
AGT00161,1,0,0,0,0,59,75,41,27,60,Basic
AGT00162,0,0,0,2,1,39,48,63,75,53,Basic
AGT00163,96,68,57,4,1,100,100,93,100,91,Advanced
AGT00164,25,0,0,1,1,45,56,68,55,50,Needs Improvement
AGT00165,58,30,49,3,1,89,71,91,80,76,Advanced
AGT00166,34,9,11,0,0,47,30,69,50,65,Basic
AGT00167,99,37,54,2,0,60,78,92,69,70,Competent
AGT00168,7,0,0,0,0,79,56,82,55,66,Basic
AGT00169,14,3,3,2,1,73,68,79,56,73,Basic
AGT00170,18,13,18,0,0,53,51,60,66,59,Basic
AGT00171,2,2,2,1,1,51,80,38,57,40,Basic
AGT00172,20,20,0,1,1,60,76,97,89,71,Basic
AGT00173,16,3,0,3,0,55,88,58,55,72,Competent
AGT00174,0,0,0,1,0,47,40,66,28,63,Basic
AGT00175,10,0,10,0,0,42,71,42,65,57,Basic
AGT00176,34,10,17,2,1,48,45,75,46,34,Basic
AGT00177,70,50,32,3,1,77,83,43,73,69,Advanced
AGT00178,42,23,18,1,0,70,59,57,66,55,Basic
AGT00179,38,0,0,1,1,59,58,59,62,58,Advanced
AGT00180,29,6,1,1,0,63,62,70,44,82,Competent
AGT00181,94,67,48,0,0,71,67,87,70,63,Advanced
AGT00182,39,20,27,2,1,59,52,49,45,91,Advanced
AGT00183,0,0,0,0,0,69,56,66,61,51,Basic
AGT00184,34,34,18,1,1,66,77,87,87,62,Competent
AGT00185,7,7,7,1,1,74,83,95,48,74,Basic
AGT00186,61,46,20,2,1,82,84,84,91,86,Advanced
AGT00187,31,20,16,2,0,67,81,57,73,70,Basic
AGT00188,0,0,0,0,0,39,35,33,38,39,Needs Improvement
AGT00189,39,0,23,0,0,41,46,72,21,55,Basic
AGT00190,73,73,40,1,1,83,90,85,70,65,Advanced
AGT00191,78,62,43,2,1,80,86,76,76,69,Competent
AGT00192,10,10,10,0,0,63,53,38,76,57,Competent
AGT00193,4,4,0,2,1,61,72,45,53,46,Needs Improvement
AGT00194,60,28,33,3,1,100,73,82,64,88,Competent
AGT00195,11,9,0,1,1,50,45,56,50,42,Needs Improvement
AGT00196,0,0,0,0,0,33,62,28,34,48,Basic
AGT00197,40,27,31,1,1,81,72,75,74,57,Competent
AGT00198,22,0,11,0,0,55,55,37,42,69,Basic
AGT00199,26,0,1,4,1,80,58,79,48,51,Competent
AGT00200,12,7,5,0,0,73,51,62,62,72,Basic
AGT00201,27,5,27,3,0,62,64,58,83,78,Competent
AGT00202,55,13,24,0,0,87,92,87,100,69,Competent
AGT00203,33,21,15,1,0,58,69,66,49,62,Competent
AGT00204,54,54,24,0,0,70,83,84,64,62,Competent
AGT00205,8,0,0,1,0,41,51,44,44,47,Needs Improvement
AGT00206,24,7,0,1,0,71,57,62,72,56,Needs Improvement
AGT00207,5,0,5,0,0,59,37,50,24,47,Needs Improvement
AGT00208,14,4,0,2,1,47,42,53,47,49,Basic
AGT00209,23,14,13,1,1,73,48,75,45,33,Competent
AGT00210,16,0,0,0,0,54,53,51,32,55,Needs Improvement
AGT00211,63,36,25,1,1,59,86,78,55,78,Competent
AGT00212,21,0,11,0,0,32,63,38,38,50,Needs Improvement
AGT00213,54,30,33,1,0,76,92,34,63,74,Competent
AGT00214,52,15,18,1,1,55,51,59,67,52,Competent
AGT00215,8,0,8,0,0,59,81,63,59,51,Needs Improvement
AGT00216,50,48,25,0,0,70,94,69,85,57,Advanced
AGT00217,41,37,20,2,1,65,68,46,68,61,Competent
AGT00218,55,42,25,2,1,72,84,77,68,97,Advanced
AGT00219,15,15,15,0,0,64,78,63,56,62,Competent
AGT00220,0,0,0,0,0,52,57,43,59,46,Needs Improvement
AGT00221,27,27,26,0,0,63,61,41,71,48,Competent
AGT00222,21,18,6,1,0,68,60,60,61,43,Basic
AGT00223,35,35,15,3,1,60,38,71,53,52,Competent
AGT00224,0,0,0,3,1,35,55,57,51,58,Needs Improvement
AGT00225,12,0,6,0,0,49,57,50,65,55,Basic
AGT00226,39,24,13,1,1,92,54,65,78,51,Competent
AGT00227,83,65,54,3,0,100,95,95,83,77,Advanced
AGT00228,78,75,57,2,1,98,66,63,78,89,Advanced
AGT00229,52,5,4,2,0,45,66,54,59,51,Basic
AGT00230,29,20,7,1,1,58,68,76,53,50,Competent
AGT00231,9,3,0,1,0,36,46,31,38,42,Basic
AGT00232,0,0,0,1,1,43,58,71,67,80,Basic
AGT00233,13,0,7,3,0,61,54,85,45,77,Competent
AGT00234,83,64,64,3,1,90,86,69,100,94,Advanced
AGT00235,0,0,0,0,0,60,60,50,43,31,Basic
AGT00236,0,0,0,0,0,45,62,69,62,51,Needs Improvement
AGT00237,0,0,0,0,0,31,50,39,35,32,Needs Improvement
AGT00238,25,12,0,1,1,67,56,29,61,64,Basic
AGT00239,0,0,0,1,0,43,36,50,44,62,Basic
AGT00240,14,8,0,0,0,56,71,62,64,58,Basic
AGT00241,35,6,19,1,0,54,64,63,46,43,Basic
AGT00242,14,0,4,3,1,64,58,49,50,51,Competent
AGT00243,0,0,0,0,0,41,52,42,62,51,Competent
AGT00244,18,0,8,0,0,37,65,60,44,55,Basic
AGT00245,81,58,69,4,1,85,100,79,78,87,Advanced
AGT00246,0,0,0,1,0,35,45,30,27,49,Basic
AGT00247,0,0,0,1,1,34,36,67,69,50,Basic
AGT00248,53,47,31,1,1,85,68,75,75,82,Advanced
AGT00249,87,58,81,3,1,100,90,100,100,100,Advanced
AGT00250,28,18,3,2,1,34,71,32,53,56,Competent
AGT00251,4,0,0,3,0,60,53,56,56,56,Needs Improvement
AGT00252,35,13,25,3,1,74,61,71,65,64,Advanced
AGT00253,77,55,57,1,0,68,75,75,100,79,Advanced
AGT00254,0,0,0,1,0,47,49,37,22,41,Needs Improvement
AGT00255,44,7,17,1,0,74,62,28,59,49,Needs Improvement
AGT00256,24,24,24,0,0,77,57,88,65,75,Basic
AGT00257,45,2,7,2,0,51,82,68,60,55,Basic
AGT00258,27,21,7,5,1,63,60,73,59,66,Basic
AGT00259,47,37,3,2,0,54,93,72,58,57,Competent
AGT00260,12,0,0,2,0,50,37,56,47,56,Basic
AGT00261,0,0,0,1,1,53,82,55,55,64,Basic
AGT00262,11,11,8,5,1,58,79,65,41,68,Competent
AGT00263,37,12,12,1,1,60,62,82,66,57,Basic
AGT00264,15,11,0,1,0,55,55,57,62,59,Basic
AGT00265,48,17,23,2,1,63,59,90,58,74,Competent
AGT00266,64,31,20,2,0,73,64,51,94,51,Basic
AGT00267,44,10,23,1,1,53,67,42,77,83,Basic
AGT00268,33,21,29,0,0,71,69,77,74,92,Basic
AGT00269,0,0,0,0,0,64,46,51,69,71,Basic
AGT00270,22,7,6,3,0,47,93,88,59,69,Competent
AGT00271,23,0,7,3,0,62,55,72,64,60,Competent
AGT00272,17,0,0,0,0,65,69,84,80,58,Basic
AGT00273,39,20,20,0,0,62,57,72,69,59,Competent
AGT00274,88,80,88,2,1,96,83,68,82,98,Advanced
AGT00275,64,47,37,3,1,85,76,54,79,65,Competent
AGT00276,0,0,0,0,0,78,69,84,69,50,Basic
AGT00277,0,0,0,1,0,49,57,35,60,47,Basic
AGT00278,42,4,26,1,1,57,64,72,46,59,Basic
AGT00279,44,26,39,1,0,79,80,80,66,63,Advanced
AGT00280,0,0,0,1,0,70,76,62,80,59,Basic
AGT00281,62,48,35,3,1,72,70,71,56,66,Advanced
AGT00282,0,0,0,1,0,50,50,51,29,31,Basic
AGT00283,68,47,42,3,1,81,71,67,57,42,Advanced
AGT00284,44,17,7,4,1,64,82,84,53,51,Competent
AGT00285,16,0,0,1,1,42,58,69,62,52,Competent
AGT00286,27,27,0,0,0,55,58,59,72,61,Basic
AGT00287,48,14,35,2,1,59,65,56,61,71,Advanced
AGT00288,72,23,16,3,1,53,64,78,67,68,Competent
AGT00289,42,13,14,1,0,39,62,32,57,50,Needs Improvement
AGT00290,0,0,0,0,0,47,63,66,43,48,Basic
AGT00291,33,6,4,1,1,77,56,68,83,62,Advanced
AGT00292,54,5,40,0,0,58,76,52,77,62,Competent
AGT00293,81,38,45,3,1,98,90,87,82,88,Advanced
AGT00294,0,0,0,1,1,32,61,38,22,40,Basic
AGT00295,46,18,2,2,0,58,55,52,55,72,Basic
AGT00296,50,28,0,1,1,51,75,75,55,55,Competent
AGT00297,82,34,19,2,0,66,45,50,66,76,Competent
AGT00298,9,0,1,1,1,74,71,69,58,80,Advanced
AGT00299,0,0,0,1,0,53,30,19,36,44,Needs Improvement
AGT00300,31,14,8,3,1,69,56,68,46,69,Competent
AGT00301,56,35,56,0,0,74,86,77,100,69,Advanced
AGT00302,0,0,0,0,0,33,42,40,46,56,Needs Improvement
AGT00303,0,0,0,1,1,66,65,74,72,80,Needs Improvement
AGT00304,16,0,0,2,1,69,56,57,50,50,Basic
AGT00305,35,14,25,1,0,76,73,74,40,68,Competent
AGT00306,0,0,0,0,0,50,43,59,46,53,Needs Improvement
AGT00307,58,24,0,0,0,55,61,64,54,61,Needs Improvement
AGT00308,56,56,29,4,1,93,73,76,86,83,Advanced
AGT00309,65,37,45,2,1,61,81,60,79,75,Competent
AGT00310,69,18,24,0,0,85,92,73,87,75,Advanced
AGT00311,68,44,43,0,0,81,55,75,87,84,Advanced
AGT00312,44,23,35,3,0,60,82,63,87,80,Competent
AGT00313,90,56,51,2,1,79,75,91,87,73,Advanced
AGT00314,40,24,26,1,0,61,72,66,78,66,Basic
AGT00315,55,31,49,2,1,86,62,73,76,50,Competent
AGT00316,31,9,31,1,1,75,66,40,33,66,Competent
AGT00317,26,19,10,1,0,64,96,74,59,75,Basic
AGT00318,23,0,0,1,1,51,60,47,41,50,Competent
AGT00319,90,36,32,3,1,69,69,56,75,73,Competent
AGT00320,2,2,2,0,0,47,50,72,37,46,Needs Improvement
AGT00321,53,21,11,1,0,67,55,77,76,63,Competent
AGT00322,49,20,14,3,1,59,80,72,70,61,Competent
AGT00323,74,25,40,1,0,81,80,77,87,64,Competent
AGT00324,45,28,18,1,0,68,60,67,88,65,Competent
AGT00325,24,17,24,0,0,84,71,74,58,67,Competent
AGT00326,54,25,54,4,1,70,72,78,54,78,Advanced
AGT00327,0,0,0,2,0,39,60,62,77,48,Competent
AGT00328,55,28,15,1,1,57,51,60,73,55,Needs Improvement
AGT00329,10,0,5,1,1,54,67,77,49,49,Basic
AGT00330,38,0,13,2,0,39,59,54,53,53,Basic
AGT00331,44,44,44,0,0,96,69,56,78,91,Advanced
AGT00332,15,0,13,1,0,72,66,44,41,61,Basic
AGT00333,21,20,0,4,0,58,79,33,44,60,Basic
AGT00334,9,6,0,1,1,55,38,46,47,41,Needs Improvement
AGT00335,22,16,0,1,1,56,57,58,52,69,Basic
AGT00336,7,0,0,0,0,38,64,59,39,60,Needs Improvement
AGT00337,66,23,24,1,0,44,61,55,85,68,Competent
AGT00338,51,19,6,2,0,64,59,75,60,80,Basic
AGT00339,72,42,53,3,1,83,88,72,78,78,Advanced
AGT00340,57,27,28,4,0,65,83,67,70,82,Advanced
AGT00341,11,0,0,1,1,38,46,33,42,58,Needs Improvement
AGT00342,33,30,5,4,0,45,61,82,59,49,Competent
AGT00343,0,0,0,2,1,59,60,42,74,52,Needs Improvement
AGT00344,35,13,7,0,0,78,73,69,69,45,Advanced
AGT00345,77,42,32,3,1,81,65,73,64,89,Advanced
AGT00346,0,0,0,0,0,28,60,53,36,22,Needs Improvement
AGT00347,15,0,5,0,0,48,79,55,50,33,Needs Improvement
AGT00348,29,0,14,2,0,42,68,66,61,53,Basic
AGT00349,25,0,3,0,0,32,53,43,48,24,Needs Improvement
AGT00350,73,52,41,0,0,91,94,92,87,80,Advanced
AGT00351,49,22,27,0,0,62,92,64,71,52,Advanced
AGT00352,58,19,20,2,1,69,92,94,73,48,Advanced
AGT00353,18,3,18,0,0,34,38,59,54,55,Basic
AGT00354,50,12,19,1,1,58,69,69,42,68,Competent
AGT00355,30,11,30,2,1,87,82,69,79,49,Basic
AGT00356,0,0,0,5,0,71,61,70,66,53,Basic
AGT00357,37,28,26,1,0,53,89,55,52,63,Competent
AGT00358,41,16,27,5,1,60,87,65,66,60,Basic
AGT00359,34,0,19,1,1,51,47,53,57,49,Basic
AGT00360,55,45,9,2,1,49,62,64,76,73,Competent
AGT00361,55,26,32,0,0,42,54,64,66,87,Competent
AGT00362,20,16,20,1,0,66,66,70,68,61,Competent
AGT00363,44,24,23,2,1,80,72,71,82,54,Basic
AGT00364,17,0,0,2,1,54,66,72,44,47,Competent
AGT00365,73,3,20,1,1,68,53,65,62,62,Basic
AGT00366,86,63,42,1,0,67,48,100,73,76,Advanced
AGT00367,35,13,27,0,0,53,38,55,65,62,Competent
AGT00368,7,0,0,0,0,49,44,66,30,78,Basic
AGT00369,18,8,0,0,0,64,59,53,71,40,Needs Improvement
AGT00370,61,43,50,2,1,71,76,87,72,66,Competent
AGT00371,10,0,10,1,1,56,52,52,70,79,Basic
AGT00372,52,28,52,1,0,52,64,79,65,70,Competent
AGT00373,45,14,19,1,1,84,62,65,69,78,Basic
AGT00374,76,62,38,2,1,76,60,74,75,78,Advanced
AGT00375,35,31,10,2,1,56,64,63,72,80,Basic
AGT00376,33,11,33,3,0,97,81,72,70,100,Advanced
AGT00377,35,0,0,1,1,55,71,56,64,61,Basic
AGT00378,0,0,0,0,0,32,33,63,16,20,Needs Improvement
AGT00379,63,37,42,3,1,76,77,82,70,69,Advanced
AGT00380,19,0,2,1,1,61,54,40,35,81,Competent
AGT00381,27,27,7,2,0,56,76,76,72,44,Competent
AGT00382,70,46,28,5,0,69,76,61,81,80,Competent
AGT00383,0,0,0,2,0,51,62,56,47,14,Basic
AGT00384,0,0,0,1,1,44,39,57,63,32,Competent
AGT00385,10,0,0,1,1,40,48,55,38,55,Basic
AGT00386,3,0,3,1,0,58,50,78,57,53,Basic
AGT00387,10,5,10,1,1,62,55,54,64,59,Basic
AGT00388,53,35,7,3,0,65,69,74,66,55,Competent
AGT00389,56,7,17,0,0,68,89,80,77,39,Advanced
AGT00390,1,1,0,0,0,30,41,40,69,55,Needs Improvement
AGT00391,0,0,0,1,0,34,40,31,30,35,Needs Improvement
AGT00392,44,34,0,1,0,56,50,58,73,41,Advanced
AGT00393,0,0,0,1,0,64,43,61,57,55,Basic
AGT00394,45,12,21,1,0,73,60,47,68,72,Basic
AGT00395,28,5,28,0,0,75,67,74,69,66,Advanced
AGT00396,12,9,3,1,0,49,62,44,56,62,Competent
AGT00397,37,24,35,4,0,71,70,85,25,70,Advanced
AGT00398,31,10,0,0,0,54,48,70,80,53,Competent
AGT00399,29,5,3,1,1,69,63,91,56,65,Competent
AGT00400,27,0,13,1,0,32,64,63,48,63,Basic
AGT00401,18,5,18,2,1,46,47,55,54,72,Basic
AGT00402,52,18,10,2,1,75,63,52,53,71,Basic
AGT00403,51,21,27,0,0,76,77,71,72,61,Advanced
AGT00404,10,10,0,0,0,54,52,57,55,63,Needs Improvement
AGT00405,25,15,12,0,0,61,74,81,56,70,Competent
AGT00406,0,0,0,1,0,49,44,47,57,48,Basic
AGT00407,33,6,6,0,0,62,74,86,57,53,Competent
AGT00408,40,28,20,4,0,70,78,85,81,77,Competent
AGT00409,0,0,0,0,0,50,46,40,22,58,Needs Improvement
AGT00410,0,0,0,0,0,43,66,73,35,26,Basic
AGT00411,0,0,0,0,0,43,46,37,52,65,Basic
AGT00412,12,0,0,0,0,19,34,43,27,52,Needs Improvement
AGT00413,0,0,0,4,1,50,75,38,40,55,Basic
AGT00414,19,6,10,3,1,73,95,92,59,64,Basic
AGT00415,44,14,0,1,0,55,54,37,56,61,Advanced
AGT00416,58,16,12,1,1,60,66,44,61,54,Competent
AGT00417,38,38,38,1,1,79,88,63,71,70,Advanced
AGT00418,45,36,27,1,0,93,77,90,63,56,Competent
AGT00419,40,21,37,0,0,62,71,73,69,41,Basic
AGT00420,15,15,15,2,1,90,88,75,89,100,Advanced
AGT00421,0,0,0,0,0,69,59,75,36,61,Basic
AGT00422,8,4,3,2,0,61,62,52,31,54,Competent
AGT00423,46,0,0,0,0,49,59,61,64,53,Needs Improvement
AGT00424,0,0,0,2,1,41,36,69,62,36,Competent
AGT00425,14,0,0,0,0,49,44,50,24,47,Basic
AGT00426,43,23,31,0,0,62,54,48,67,60,Competent
AGT00427,84,45,51,0,0,80,84,74,91,69,Advanced
AGT00428,54,23,22,4,1,85,94,86,68,68,Advanced
AGT00429,2,0,2,1,1,52,60,50,63,53,Needs Improvement
AGT00430,71,16,27,2,1,62,74,78,62,67,Advanced
AGT00431,0,0,0,4,1,56,60,49,51,54,Basic
AGT00432,58,9,29,0,0,77,73,67,55,75,Competent
AGT00433,9,9,0,3,0,66,69,65,70,56,Basic
AGT00434,0,0,0,0,0,39,52,48,50,40,Basic
AGT00435,44,44,29,4,0,80,57,90,93,88,Advanced
AGT00436,1,1,0,1,1,46,49,60,69,42,Basic
AGT00437,2,0,2,0,0,57,47,52,53,32,Basic
AGT00438,14,5,9,1,1,51,68,58,85,57,Needs Improvement
AGT00439,35,0,17,1,0,42,78,68,68,47,Competent
AGT00440,36,8,35,2,0,72,43,75,70,53,Competent
AGT00441,27,13,16,1,1,48,82,69,46,70,Basic
AGT00442,47,0,23,2,0,62,69,44,43,63,Advanced
AGT00443,20,12,20,2,1,67,81,32,46,49,Competent
AGT00444,70,30,37,2,1,73,84,89,64,98,Advanced
AGT00445,38,14,12,2,1,58,79,64,73,38,Advanced
AGT00446,47,0,25,2,1,43,53,47,49,47,Competent
AGT00447,45,35,45,2,1,68,59,80,66,50,Competent
AGT00448,15,3,3,3,1,63,60,83,53,60,Basic
AGT00449,66,56,30,0,0,70,82,89,73,64,Competent
AGT00450,52,26,41,1,1,88,66,77,75,76,Basic
AGT00451,18,0,15,2,1,59,72,48,46,59,Competent
AGT00452,30,13,18,2,1,56,68,54,67,80,Basic
AGT00453,79,37,44,1,1,79,77,48,86,76,Advanced
AGT00454,57,50,44,3,1,99,73,88,75,63,Advanced
AGT00455,24,18,9,2,0,59,61,76,80,63,Competent
AGT00456,35,35,7,0,0,52,69,78,60,58,Competent
AGT00457,69,32,37,1,1,84,52,79,61,51,Advanced
AGT00458,2,0,0,0,0,47,47,51,60,39,Competent
AGT00459,3,0,0,2,1,72,44,57,62,53,Basic
AGT00460,0,0,0,1,1,70,57,50,63,77,Basic
AGT00461,14,14,14,0,0,69,83,62,49,72,Competent
AGT00462,0,0,0,1,0,73,42,41,59,47,Needs Improvement
AGT00463,0,0,0,0,0,26,58,70,68,50,Needs Improvement
AGT00464,0,0,0,2,1,28,78,25,22,16,Basic
AGT00465,0,0,0,1,1,45,71,48,51,42,Competent
AGT00466,7,5,0,1,0,76,62,32,45,60,Basic
AGT00467,16,4,12,1,1,74,72,62,88,60,Competent
AGT00468,93,55,55,4,1,99,68,78,99,75,Advanced
AGT00469,64,64,64,2,1,69,57,66,80,75,Advanced
AGT00470,11,0,11,1,1,43,56,40,34,55,Competent
AGT00471,29,19,23,2,1,59,73,64,52,64,Competent
AGT00472,14,0,5,0,0,50,74,50,63,66,Needs Improvement
AGT00473,30,30,11,2,1,72,55,57,42,61,Basic
AGT00474,44,31,6,2,1,62,69,88,48,67,Advanced
AGT00475,26,9,0,2,0,69,73,69,65,85,Basic
AGT00476,24,13,0,1,1,65,60,65,58,66,Competent
AGT00477,15,15,15,0,0,61,75,65,75,91,Competent
AGT00478,11,0,0,0,0,48,43,41,41,41,Needs Improvement
AGT00479,44,28,10,1,1,52,68,61,72,41,Competent
AGT00480,77,63,50,4,1,93,93,100,81,86,Advanced
AGT00481,67,33,25,0,0,60,62,59,72,61,Basic
AGT00482,43,32,21,2,0,75,87,79,79,92,Competent
AGT00483,36,21,10,2,0,65,78,51,69,47,Competent
AGT00484,41,26,41,3,1,72,79,30,81,67,Advanced
AGT00485,27,11,18,1,0,59,52,50,53,65,Advanced
AGT00486,25,1,1,2,1,63,64,90,48,59,Competent
AGT00487,16,16,0,0,0,44,46,62,32,50,Needs Improvement
AGT00488,54,14,24,5,1,74,70,86,40,70,Advanced
AGT00489,38,13,0,3,1,49,46,49,49,64,Needs Improvement
AGT00490,43,21,13,1,0,66,87,36,66,85,Competent
AGT00491,66,60,47,1,0,69,85,56,63,74,Advanced
AGT00492,25,3,8,1,1,65,83,69,52,53,Advanced
AGT00493,38,4,0,2,1,75,75,62,74,75,Advanced
AGT00494,25,3,13,3,1,67,66,65,73,51,Basic
AGT00495,43,19,15,0,0,48,57,51,42,79,Basic
AGT00496,89,30,19,3,0,82,95,82,66,85,Advanced
AGT00497,0,0,0,1,1,34,45,38,45,60,Needs Improvement
AGT00498,0,0,0,3,1,60,45,62,47,64,Competent
AGT00499,0,0,0,1,1,31,57,46,28,16,Needs Improvement
AGT00500,22,0,22,1,1,54,52,43,39,35,Basic
AGT00501,67,24,53,3,1,74,97,62,88,80,Advanced
AGT00502,52,44,45,2,1,86,77,64,86,63,Advanced
AGT00503,34,0,34,1,1,43,58,79,42,52,Basic
AGT00504,9,0,0,3,1,40,68,62,49,53,Basic
AGT00505,0,0,0,1,0,36,17,48,28,30,Needs Improvement
AGT00506,36,29,20,1,1,56,53,46,44,41,Competent
AGT00507,106,78,55,0,0,100,79,64,88,97,Advanced
AGT00508,45,11,22,1,1,65,43,79,48,71,Competent
AGT00509,35,0,0,2,1,57,70,68,66,51,Competent
AGT00510,34,26,22,3,1,85,63,67,84,74,Advanced
AGT00511,0,0,0,0,0,28,60,42,37,46,Basic
AGT00512,55,18,10,2,1,43,67,39,49,73,Competent
AGT00513,36,31,20,1,1,56,73,73,75,64,Advanced
AGT00514,43,8,14,2,1,68,59,76,73,76,Competent
AGT00515,48,29,2,3,1,58,64,59,56,44,Advanced
AGT00516,26,26,0,1,0,72,70,54,63,68,Advanced
AGT00517,44,35,9,2,1,75,83,83,68,61,Competent
AGT00518,42,9,0,2,1,71,58,46,43,42,Needs Improvement
AGT00519,58,30,35,3,1,83,66,92,75,84,Advanced
AGT00520,32,9,29,1,0,86,67,74,67,87,Advanced
AGT00521,7,0,7,3,1,62,58,47,42,27,Needs Improvement
AGT00522,44,13,18,0,0,55,49,54,49,61,Basic
AGT00523,53,34,45,2,1,75,77,68,58,83,Advanced
AGT00524,0,0,0,0,0,49,60,74,31,49,Basic
AGT00525,92,65,50,2,1,75,74,85,91,67,Advanced
AGT00526,33,0,22,1,1,56,64,71,45,38,Basic
AGT00527,58,36,46,0,0,82,86,76,100,73,Advanced
AGT00528,26,14,16,0,0,44,90,56,85,60,Basic
AGT00529,55,17,38,2,1,63,77,63,57,75,Basic
AGT00530,52,52,6,4,1,83,100,70,100,77,Advanced
AGT00531,43,25,10,3,0,62,52,77,69,44,Advanced
AGT00532,21,3,0,1,0,64,36,66,41,53,Advanced
AGT00533,25,25,19,4,1,58,60,56,26,54,Competent
AGT00534,42,4,39,1,0,60,80,53,71,56,Competent
AGT00535,0,0,0,0,0,25,58,67,43,26,Needs Improvement
AGT00536,62,37,46,0,0,76,86,69,74,77,Competent
AGT00537,4,0,0,0,0,47,29,54,50,60,Basic
AGT00538,24,24,6,2,0,85,92,91,59,77,Competent
AGT00539,0,0,0,1,0,43,45,33,29,29,Needs Improvement
AGT00540,26,11,0,0,0,38,39,50,60,54,Needs Improvement
AGT00541,5,0,0,1,1,45,57,43,37,27,Competent
AGT00542,21,4,8,1,1,63,59,36,46,41,Needs Improvement
AGT00543,29,0,21,1,0,74,72,67,42,64,Basic
AGT00544,41,4,27,2,1,41,75,49,58,63,Competent
AGT00545,24,14,2,1,1,51,68,51,44,37,Basic
AGT00546,18,6,5,3,1,48,46,50,68,45,Basic
AGT00547,28,0,12,0,0,69,65,55,51,58,Competent
AGT00548,46,24,29,2,1,53,36,41,47,64,Competent
AGT00549,13,13,0,1,1,47,80,71,93,56,Basic
AGT00550,52,19,14,2,1,68,88,65,63,68,Advanced
AGT00551,7,7,6,1,0,74,54,65,57,66,Competent
AGT00552,39,14,7,3,1,71,63,97,72,62,Competent
AGT00553,28,6,10,3,1,67,57,62,40,66,Competent
AGT00554,33,33,29,1,1,85,80,87,97,64,Advanced
AGT00555,35,35,5,3,1,51,69,70,73,51,Competent
AGT00556,17,17,4,1,0,58,57,57,63,74,Needs Improvement
AGT00557,0,0,0,2,0,53,65,58,10,70,Basic
AGT00558,24,5,0,0,0,54,67,52,45,60,Competent
AGT00559,31,10,0,1,1,52,66,52,31,61,Needs Improvement
AGT00560,39,0,5,1,0,51,43,45,63,30,Basic
AGT00561,35,22,13,0,0,71,81,54,73,48,Advanced
AGT00562,38,10,0,0,0,63,86,64,67,58,Basic
AGT00563,55,27,27,2,1,50,84,36,47,91,Competent
AGT00564,45,9,5,2,0,56,55,74,69,49,Competent
AGT00565,68,44,49,0,0,75,65,97,69,81,Advanced
AGT00566,28,21,24,3,0,76,61,70,90,73,Advanced
AGT00567,30,0,24,1,1,49,50,68,60,64,Basic
AGT00568,25,6,0,1,1,70,59,69,58,53,Competent
AGT00569,8,8,4,2,1,76,81,49,59,50,Advanced
AGT00570,42,25,3,0,0,62,83,75,80,29,Basic
AGT00571,42,2,0,1,0,35,45,42,51,61,Basic
AGT00572,40,36,30,1,1,71,64,90,79,54,Advanced
AGT00573,62,32,44,0,0,55,66,61,67,43,Basic
AGT00574,15,3,0,1,1,71,48,65,49,56,Advanced
AGT00575,32,28,8,0,0,59,76,60,70,67,Basic
AGT00576,8,0,0,3,0,59,55,76,61,55,Needs Improvement
AGT00577,42,20,35,2,0,78,80,66,86,88,Competent
AGT00578,38,0,5,1,1,92,82,87,72,60,Advanced
AGT00579,48,12,0,3,0,52,70,67,35,46,Basic
AGT00580,62,39,33,0,0,67,76,70,76,62,Competent
AGT00581,0,0,0,0,0,38,31,42,17,47,Basic
AGT00582,24,8,0,2,1,53,64,42,48,23,Needs Improvement
AGT00583,23,9,8,0,0,68,65,25,55,59,Basic
AGT00584,15,11,1,1,1,44,49,65,32,61,Basic
AGT00585,53,26,25,1,1,72,75,61,73,79,Advanced
AGT00586,88,63,47,3,1,99,89,94,100,90,Advanced
AGT00587,8,0,3,3,1,40,66,55,42,61,Basic
AGT00588,39,26,11,0,0,56,44,69,62,20,Basic
AGT00589,40,0,10,1,1,63,83,74,89,81,Competent
AGT00590,73,41,43,0,0,85,81,43,89,82,Advanced
AGT00591,0,0,0,2,1,47,47,58,38,64,Needs Improvement
AGT00592,74,52,51,5,1,58,61,59,70,52,Advanced
AGT00593,75,53,54,5,1,83,71,93,88,60,Advanced
AGT00594,10,0,4,0,0,42,28,54,59,66,Basic
AGT00595,0,0,0,1,0,44,60,57,60,36,Basic
AGT00596,7,7,0,2,1,71,85,54,21,51,Advanced
AGT00597,42,8,8,1,0,64,40,44,43,61,Basic
AGT00598,51,34,25,0,0,75,62,63,69,78,Competent
AGT00599,0,0,0,1,1,58,76,40,48,74,Basic
AGT00600,13,10,4,1,1,32,47,37,0,46,Needs Improvement
AGT00601,31,27,27,1,1,86,80,47,58,54,Competent
AGT00602,44,13,8,0,0,45,58,37,54,63,Competent
AGT00603,54,35,40,3,1,80,71,74,69,83,Advanced
AGT00604,21,9,5,3,1,57,56,62,41,32,Basic
AGT00605,38,8,17,0,0,51,30,55,53,72,Basic
AGT00606,25,18,0,2,1,60,57,59,70,34,Basic
AGT00607,27,6,15,1,1,65,84,56,61,80,Basic
AGT00608,35,35,17,1,0,63,84,61,83,57,Competent
AGT00609,11,0,0,5,1,34,65,35,42,52,Needs Improvement
AGT00610,17,7,4,3,1,81,76,65,54,70,Advanced
AGT00611,0,0,0,0,0,48,28,32,34,49,Competent
AGT00612,50,47,8,2,0,60,60,72,63,67,Basic
AGT00613,0,0,0,0,0,44,67,41,57,45,Basic
AGT00614,32,10,17,1,1,74,89,70,54,73,Competent
AGT00615,0,0,0,1,1,48,73,65,57,78,Basic
AGT00616,0,0,0,0,0,53,49,54,46,31,Needs Improvement
AGT00617,44,0,24,0,0,60,56,78,89,30,Competent
AGT00618,52,12,22,2,1,76,67,36,67,58,Competent
AGT00619,4,4,4,0,0,54,59,49,44,48,Competent
AGT00620,89,59,40,1,0,80,98,88,88,72,Advanced
AGT00621,9,0,0,1,1,50,63,64,63,44,Needs Improvement
AGT00622,18,7,0,1,1,51,66,85,54,70,Competent
AGT00623,63,30,43,2,0,50,69,86,50,49,Basic
AGT00624,21,13,7,0,0,47,64,59,60,60,Competent
AGT00625,29,29,7,0,0,73,77,62,67,72,Needs Improvement
AGT00626,17,6,0,0,0,46,51,44,35,58,Needs Improvement
AGT00627,46,9,20,2,0,43,48,51,58,63,Basic
AGT00628,84,58,41,1,1,72,95,68,71,87,Advanced
AGT00629,0,0,0,3,1,45,35,44,29,50,Basic
AGT00630,0,0,0,0,0,28,61,27,30,33,Needs Improvement
AGT00631,64,22,43,2,1,82,58,81,92,84,Advanced
AGT00632,63,33,43,2,1,100,83,100,100,93,Advanced
AGT00633,21,0,0,1,0,68,73,69,65,66,Competent
AGT00634,0,0,0,2,0,55,46,39,42,21,Competent
AGT00635,44,19,15,1,1,43,46,71,64,56,Competent
AGT00636,46,2,13,1,1,51,67,63,57,45,Basic
AGT00637,20,0,2,0,0,66,64,59,43,64,Basic
AGT00638,4,0,0,2,0,43,51,50,36,58,Needs Improvement
AGT00639,54,23,35,2,0,77,63,64,59,64,Advanced
AGT00640,30,11,25,0,0,71,70,74,81,57,Basic
AGT00641,11,8,0,1,0,57,43,49,57,53,Needs Improvement
AGT00642,42,17,19,0,0,80,100,58,54,66,Basic
AGT00643,54,54,32,3,0,98,83,69,86,98,Advanced
AGT00644,16,8,0,3,1,61,62,67,56,82,Competent
AGT00645,49,17,8,3,1,57,55,64,55,69,Competent
AGT00646,24,0,8,2,1,57,85,56,50,61,Basic
AGT00647,72,36,23,0,0,56,51,52,85,89,Competent
AGT00648,0,0,0,1,1,53,52,62,40,46,Needs Improvement
AGT00649,39,20,5,2,1,71,64,76,65,55,Competent
AGT00650,65,21,1,2,1,54,44,32,59,47,Competent
AGT00651,48,27,45,2,1,98,74,95,67,72,Advanced
AGT00652,0,0,0,1,1,54,67,57,58,57,Competent
AGT00653,87,58,38,2,1,67,71,78,94,83,Advanced
AGT00654,0,0,0,0,0,57,57,66,65,32,Basic
AGT00655,41,25,26,4,1,58,92,88,53,61,Competent
AGT00656,26,13,26,0,0,64,70,77,45,67,Basic
AGT00657,17,0,0,3,1,53,39,56,50,59,Competent
AGT00658,16,9,5,2,1,68,57,45,74,61,Competent
AGT00659,51,26,43,2,1,85,74,46,78,77,Advanced
AGT00660,32,0,0,1,0,63,58,70,63,41,Basic
AGT00661,0,0,0,1,0,45,50,63,25,33,Needs Improvement
AGT00662,17,3,17,0,0,55,69,50,51,60,Competent
AGT00663,6,0,0,0,0,53,77,49,23,57,Basic
AGT00664,0,0,0,0,0,44,62,51,53,59,Needs Improvement
AGT00665,21,21,0,0,0,75,50,53,34,48,Basic
AGT00666,0,0,0,1,0,27,62,60,57,41,Basic
AGT00667,0,0,0,0,0,38,64,49,61,63,Basic
AGT00668,35,29,27,0,0,56,73,62,68,73,Competent
AGT00669,19,19,1,1,1,49,57,91,37,52,Competent
AGT00670,0,0,0,1,1,29,47,19,37,24,Needs Improvement
AGT00671,58,1,27,1,1,67,70,75,88,60,Competent
AGT00672,61,23,32,2,0,76,43,50,69,65,Advanced
AGT00673,7,2,0,1,1,55,65,53,65,56,Basic
AGT00674,12,0,0,0,0,41,63,51,39,54,Basic
AGT00675,42,29,42,2,0,72,91,80,59,75,Advanced
AGT00676,44,38,12,1,0,78,60,61,65,59,Advanced
AGT00677,106,73,60,0,0,100,92,78,67,80,Advanced
AGT00678,48,34,17,0,0,57,72,61,93,89,Advanced
AGT00679,6,0,6,3,1,61,70,50,64,56,Needs Improvement
AGT00680,35,0,33,1,0,64,65,68,67,45,Competent
AGT00681,69,57,41,1,0,76,74,72,67,51,Advanced
AGT00682,39,24,2,3,1,61,74,72,49,61,Competent
AGT00683,73,36,22,2,1,85,86,71,92,84,Advanced
AGT00684,7,0,0,2,0,47,74,54,39,47,Basic
AGT00685,0,0,0,0,0,68,52,72,58,73,Basic
AGT00686,23,0,0,3,1,61,58,70,59,55,Needs Improvement
AGT00687,14,0,14,0,0,62,68,87,67,81,Basic
AGT00688,56,20,22,1,1,77,73,79,66,66,Advanced
AGT00689,44,12,31,0,0,51,41,74,53,49,Competent
AGT00690,0,0,0,2,1,58,61,52,42,56,Needs Improvement
AGT00691,13,13,5,1,0,64,74,61,72,68,Competent
AGT00692,7,4,6,0,0,48,61,74,63,55,Needs Improvement
AGT00693,48,33,12,2,0,62,74,81,71,72,Competent
AGT00694,0,0,0,0,0,38,48,37,29,46,Needs Improvement
AGT00695,39,7,1,0,0,54,74,40,76,35,Competent
AGT00696,32,10,0,2,0,53,52,51,36,48,Basic
AGT00697,0,0,0,0,0,34,28,31,16,32,Needs Improvement
AGT00698,13,0,0,0,0,44,54,75,47,45,Competent
AGT00699,19,12,0,1,0,52,78,63,47,56,Competent
AGT00700,10,2,10,1,1,82,49,49,69,52,Basic
AGT00701,68,49,26,1,0,87,84,57,83,48,Advanced
AGT00702,5,0,5,1,0,56,76,49,56,54,Advanced
AGT00703,24,0,0,1,1,44,26,44,54,37,Basic
AGT00704,50,24,38,2,1,36,69,58,66,68,Competent
AGT00705,55,42,18,1,1,85,83,85,99,80,Competent
AGT00706,7,0,0,2,0,56,52,40,51,24,Basic
AGT00707,19,4,0,1,0,45,48,83,41,42,Basic
AGT00708,0,0,0,0,0,56,63,54,66,68,Needs Improvement
AGT00709,31,1,19,1,1,49,59,41,24,42,Basic
AGT00710,41,30,39,1,0,74,68,89,68,78,Competent
AGT00711,29,17,25,2,0,61,59,78,73,74,Basic
AGT00712,57,24,23,3,1,77,68,65,75,66,Advanced
AGT00713,8,6,0,3,1,49,69,57,52,40,Basic
AGT00714,9,0,0,3,1,71,50,66,66,31,Competent
AGT00715,23,1,0,0,0,63,42,61,69,67,Basic
AGT00716,7,7,0,1,1,54,67,33,64,72,Basic
AGT00717,1,0,0,1,0,23,47,15,48,66,Basic
AGT00718,47,22,27,2,1,60,67,56,64,66,Competent
AGT00719,42,18,0,1,1,54,60,81,29,43,Basic
AGT00720,0,0,0,2,1,58,57,76,60,60,Needs Improvement
AGT00721,31,0,29,1,1,78,58,57,63,60,Competent
AGT00722,76,32,52,2,1,75,82,59,75,80,Competent
AGT00723,0,0,0,1,1,27,31,44,27,42,Needs Improvement
AGT00724,3,0,0,1,1,25,46,53,55,47,Basic
AGT00725,1,0,0,0,0,58,29,61,46,63,Competent
AGT00726,53,50,5,0,0,76,94,41,78,85,Advanced
AGT00727,19,7,19,2,1,92,66,100,61,57,Competent
AGT00728,42,13,20,2,0,65,81,83,73,57,Basic
AGT00729,40,9,27,2,0,66,59,48,34,21,Competent
AGT00730,0,0,0,1,1,54,60,42,54,45,Basic
AGT00731,18,10,18,1,1,59,69,78,55,52,Basic
AGT00732,8,0,2,3,1,65,70,68,50,65,Basic
AGT00733,72,63,28,2,1,76,59,67,82,63,Advanced
AGT00734,18,0,0,0,0,58,49,65,44,55,Needs Improvement
AGT00735,35,13,23,1,1,73,67,62,73,74,Basic
AGT00736,26,12,19,2,1,71,58,68,62,67,Basic
AGT00737,29,11,29,4,1,77,90,77,47,67,Competent
AGT00738,42,37,35,1,0,72,78,73,87,90,Advanced
AGT00739,42,11,0,1,1,30,40,50,47,53,Needs Improvement
AGT00740,10,0,0,0,0,32,39,59,40,34,Needs Improvement
AGT00741,35,21,6,1,1,77,77,49,83,64,Advanced
AGT00742,65,38,53,1,0,61,76,61,92,84,Competent
AGT00743,0,0,0,0,0,50,58,52,50,52,Needs Improvement
AGT00744,0,0,0,0,0,37,47,35,47,29,Basic
AGT00745,50,20,26,1,0,52,49,57,66,73,Competent
AGT00746,69,41,39,2,0,71,48,86,68,86,Advanced
AGT00747,85,63,45,3,1,83,78,75,65,94,Advanced
AGT00748,32,4,25,2,1,86,77,42,66,85,Competent
AGT00749,20,0,4,0,0,59,57,52,71,81,Needs Improvement
AGT00750,26,0,0,0,0,60,71,54,56,72,Basic
AGT00751,37,26,23,0,0,61,65,62,48,65,Basic
AGT00752,17,7,2,4,1,41,78,66,69,54,Competent
AGT00753,0,0,0,1,1,55,69,58,44,28,Competent
AGT00754,73,34,53,1,1,83,98,78,57,83,Competent
AGT00755,85,75,48,2,1,82,68,62,97,86,Advanced
AGT00756,31,17,28,1,1,67,77,65,60,73,Advanced
AGT00757,23,2,0,0,0,51,70,45,70,28,Basic
AGT00758,53,41,13,0,0,83,77,65,85,65,Competent
AGT00759,56,18,48,2,1,79,78,76,64,77,Advanced
AGT00760,55,21,43,1,1,82,53,70,70,55,Basic
AGT00761,42,32,38,0,0,94,100,83,100,76,Advanced
AGT00762,14,14,6,1,0,52,62,62,78,70,Competent
AGT00763,35,26,16,2,1,61,48,87,71,81,Competent
AGT00764,59,50,45,2,1,54,67,75,100,90,Advanced
AGT00765,27,27,9,0,0,72,39,66,66,58,Competent
AGT00766,0,0,0,0,0,33,34,53,47,45,Needs Improvement
AGT00767,0,0,0,1,0,59,97,53,48,62,Basic
AGT00768,50,28,13,2,0,53,55,29,36,63,Competent
AGT00769,19,0,17,1,0,49,35,42,42,56,Needs Improvement
AGT00770,77,68,28,1,0,70,82,86,83,94,Competent
AGT00771,82,54,53,2,1,73,72,78,86,52,Advanced
AGT00772,68,10,63,2,1,80,89,71,56,83,Competent
AGT00773,31,11,14,3,1,76,57,52,70,69,Basic
AGT00774,54,44,30,0,0,79,82,48,67,71,Competent
AGT00775,23,7,0,5,1,55,51,80,66,32,Competent
AGT00776,81,45,46,0,0,45,98,60,77,65,Competent
AGT00777,18,0,0,1,0,56,60,46,42,41,Needs Improvement
AGT00778,30,1,14,1,0,61,67,56,51,84,Competent
AGT00779,40,17,1,2,1,52,62,78,79,64,Competent
AGT00780,0,0,0,2,1,30,45,61,55,38,Competent
AGT00781,56,19,35,0,0,48,55,48,62,37,Competent
AGT00782,17,17,5,2,1,52,55,75,77,66,Basic
AGT00783,75,39,31,1,0,83,100,75,82,87,Advanced
AGT00784,67,41,52,4,1,63,67,61,64,70,Advanced
AGT00785,37,16,10,1,0,64,40,57,48,67,Basic
AGT00786,37,0,3,2,1,63,53,53,59,57,Competent
AGT00787,31,0,0,1,1,83,77,44,68,72,Advanced
AGT00788,25,9,0,0,0,44,60,69,74,69,Competent
AGT00789,0,0,0,2,1,49,53,48,47,30,Needs Improvement
AGT00790,19,13,0,1,0,62,78,68,73,41,Competent
AGT00791,42,0,18,2,1,43,48,58,48,78,Competent
AGT00792,3,0,0,2,1,47,60,57,36,59,Needs Improvement
AGT00793,26,25,19,0,0,76,62,39,50,50,Needs Improvement
AGT00794,29,15,6,0,0,68,76,53,58,44,Competent
AGT00795,14,2,0,3,1,51,42,52,25,45,Basic
AGT00796,40,5,37,1,1,41,61,43,81,48,Needs Improvement
AGT00797,60,39,28,2,0,67,85,75,78,67,Advanced
AGT00798,47,40,32,0,0,89,85,52,72,71,Advanced
AGT00799,61,31,14,3,1,84,73,70,93,69,Advanced
AGT00800,19,3,19,1,1,67,60,82,43,75,Competent
AGT00801,8,0,0,0,0,62,76,63,48,73,Competent
AGT00802,26,7,13,5,0,31,61,27,72,45,Basic
AGT00803,53,26,22,3,1,74,64,75,63,51,Basic
AGT00804,20,20,18,1,1,77,61,88,94,69,Basic
AGT00805,40,24,35,2,1,73,90,100,83,94,Competent
AGT00806,54,18,25,3,1,100,77,77,87,67,Competent
AGT00807,58,47,34,1,1,62,62,42,78,71,Advanced
AGT00808,0,0,0,0,0,26,54,55,46,38,Basic
AGT00809,29,2,17,0,0,61,66,79,49,58,Basic
AGT00810,10,6,1,0,0,58,66,61,60,47,Basic
AGT00811,15,5,8,0,0,70,77,73,45,58,Competent
AGT00812,12,0,0,0,0,59,74,45,51,52,Basic
AGT00813,27,14,13,0,0,60,74,68,62,70,Competent
AGT00814,10,0,0,1,0,69,76,24,73,76,Competent
AGT00815,18,3,4,2,1,62,59,43,59,49,Competent
AGT00816,27,0,14,2,1,59,76,64,89,39,Competent
AGT00817,0,0,0,0,0,55,73,53,28,53,Competent
AGT00818,49,21,20,2,0,70,80,46,48,67,Competent
AGT00819,49,30,23,0,0,62,79,57,60,66,Advanced
AGT00820,22,0,0,0,0,44,61,55,65,47,Basic
AGT00821,0,0,0,1,1,56,84,56,52,73,Competent
AGT00822,64,33,25,1,1,71,73,75,59,76,Competent
AGT00823,19,14,19,1,0,27,52,60,45,49,Basic
AGT00824,0,0,0,0,0,37,41,37,22,31,Needs Improvement
AGT00825,0,0,0,0,0,20,42,62,23,21,Needs Improvement
AGT00826,28,4,25,3,1,53,41,48,83,66,Basic
AGT00827,64,22,1,1,1,46,82,86,57,62,Competent
AGT00828,62,22,0,1,0,46,52,74,62,45,Competent
AGT00829,24,24,15,2,1,82,79,67,72,71,Basic
AGT00830,21,0,0,0,0,25,21,33,28,33,Needs Improvement
AGT00831,21,0,9,1,1,65,76,67,52,56,Competent
AGT00832,79,25,47,1,1,70,71,83,73,68,Competent
AGT00833,25,0,10,4,1,41,40,65,51,55,Competent
AGT00834,4,0,0,1,0,60,64,40,71,53,Needs Improvement
AGT00835,24,0,7,1,1,52,49,60,62,46,Needs Improvement
AGT00836,10,0,0,0,0,58,49,25,34,41,Basic
AGT00837,33,0,14,1,1,66,64,56,67,56,Advanced
AGT00838,63,29,31,2,1,78,89,93,81,86,Competent
AGT00839,88,70,67,3,0,69,74,59,77,85,Competent
AGT00840,25,12,5,0,0,51,50,37,58,54,Needs Improvement
AGT00841,65,49,63,0,0,86,84,81,90,86,Advanced
AGT00842,50,9,10,1,0,55,72,79,60,77,Basic
AGT00843,76,31,54,1,1,75,100,81,85,86,Advanced
AGT00844,41,3,14,1,1,61,51,35,47,63,Basic
AGT00845,21,10,5,1,1,86,62,40,84,68,Competent
AGT00846,18,18,18,0,0,62,83,66,41,62,Competent
AGT00847,83,77,57,2,1,100,100,74,100,96,Advanced
AGT00848,36,31,0,4,1,61,62,70,75,61,Competent
AGT00849,30,0,0,2,1,64,49,57,59,34,Needs Improvement
AGT00850,67,38,49,1,1,82,79,63,64,77,Advanced
AGT00851,20,1,19,0,0,65,54,81,69,62,Basic
AGT00852,46,12,36,1,1,68,51,64,53,55,Competent
AGT00853,73,64,36,1,1,70,77,85,61,83,Competent
AGT00854,35,0,0,2,1,60,84,73,45,51,Basic
AGT00855,21,9,5,1,1,81,52,62,63,41,Basic
AGT00856,59,39,23,0,0,68,83,59,44,53,Advanced
AGT00857,36,1,5,4,1,46,61,60,83,44,Basic
AGT00858,41,14,39,3,1,72,73,74,77,71,Competent
AGT00859,0,0,0,0,0,32,65,35,61,33,Needs Improvement
AGT00860,27,15,22,1,1,79,76,89,87,79,Basic
AGT00861,0,0,0,1,1,53,52,42,44,62,Basic
AGT00862,13,0,0,0,0,28,59,51,33,35,Competent
AGT00863,15,14,15,1,0,64,62,57,27,50,Competent
AGT00864,87,43,35,1,0,65,72,56,59,70,Advanced
AGT00865,0,0,0,0,0,56,56,83,72,65,Needs Improvement
AGT00866,24,19,22,1,0,78,84,63,59,45,Competent
AGT00867,12,0,0,0,0,58,35,45,42,50,Basic
AGT00868,49,13,17,0,0,60,49,49,49,31,Basic
AGT00869,19,19,0,1,0,55,42,56,59,47,Basic
AGT00870,39,17,27,1,0,72,64,59,75,74,Competent
AGT00871,2,0,2,1,0,86,49,49,42,98,Competent
AGT00872,0,0,0,4,1,57,47,46,32,47,Basic
AGT00873,25,2,14,1,1,73,59,75,83,52,Advanced
AGT00874,0,0,0,2,0,67,83,75,67,53,Basic
AGT00875,0,0,0,3,1,40,34,44,36,43,Needs Improvement
AGT00876,0,0,0,0,0,37,30,44,59,33,Basic
AGT00877,6,6,0,0,0,81,68,56,42,48,Basic
AGT00878,16,11,0,1,1,52,83,52,68,52,Needs Improvement
AGT00879,13,11,4,0,0,71,63,48,57,63,Basic
AGT00880,37,2,15,1,1,61,64,41,65,58,Competent
AGT00881,40,13,0,3,1,52,83,54,33,50,Competent
AGT00882,65,40,30,1,1,73,85,81,69,62,Competent
AGT00883,21,0,8,1,0,43,59,45,56,45,Competent
AGT00884,27,0,0,0,0,52,46,46,46,36,Basic
AGT00885,8,0,0,3,1,49,60,46,62,41,Basic
AGT00886,41,16,20,1,0,57,52,80,77,71,Basic
AGT00887,64,42,34,3,1,91,70,60,64,71,Advanced
AGT00888,24,24,0,0,0,66,78,61,66,34,Basic
AGT00889,0,0,0,0,0,44,56,38,21,49,Needs Improvement
AGT00890,0,0,0,2,0,42,53,47,42,49,Competent
AGT00891,0,0,0,0,0,51,34,57,58,35,Basic
AGT00892,26,0,0,2,1,61,45,57,42,50,Competent
AGT00893,20,0,0,2,1,51,53,68,63,46,Competent
AGT00894,19,0,19,2,0,64,63,61,52,69,Competent
AGT00895,12,0,1,2,0,56,47,81,48,52,Competent
AGT00896,29,22,10,0,0,62,73,71,80,69,Competent
AGT00897,34,15,8,1,0,54,79,33,43,51,Competent
AGT00898,14,12,0,0,0,47,61,62,40,33,Basic
AGT00899,24,19,1,3,1,66,72,70,78,80,Competent
AGT00900,14,0,0,1,1,45,37,48,44,53,Basic
AGT00901,28,0,1,2,1,79,49,61,44,54,Basic
AGT00902,7,5,7,2,1,56,51,34,70,63,Basic
AGT00903,45,18,7,1,0,57,43,34,54,70,Competent
AGT00904,52,40,40,0,0,76,82,97,62,78,Advanced
AGT00905,10,10,0,0,0,46,63,48,23,72,Basic
AGT00906,72,66,55,1,1,83,74,92,97,100,Advanced
AGT00907,46,26,3,3,1,57,65,38,49,56,Competent
AGT00908,5,0,0,0,0,51,70,36,30,41,Needs Improvement
AGT00909,10,0,5,0,0,66,89,70,66,48,Competent
AGT00910,18,0,18,3,0,38,63,50,57,25,Competent
AGT00911,6,0,3,3,0,64,55,61,41,68,Basic
AGT00912,72,40,24,4,0,76,78,64,78,61,Advanced
AGT00913,41,27,29,2,1,61,87,63,91,77,Competent
AGT00914,0,0,0,1,1,65,35,47,68,66,Competent
AGT00915,56,48,11,3,1,78,93,54,88,56,Advanced
AGT00916,88,50,34,5,1,76,70,90,79,62,Advanced
AGT00917,87,30,43,1,1,84,73,94,71,97,Competent
AGT00918,74,36,28,2,1,69,66,52,67,66,Advanced
AGT00919,39,33,23,2,1,85,82,59,81,66,Competent
AGT00920,9,0,0,0,0,39,33,40,24,30,Needs Improvement
AGT00921,11,0,11,0,0,55,58,63,46,56,Competent
AGT00922,17,8,0,0,0,32,63,51,33,69,Competent
AGT00923,9,7,2,3,0,68,69,69,63,68,Basic
AGT00924,7,0,7,1,1,51,64,55,53,57,Competent
AGT00925,15,0,4,2,0,67,59,58,49,77,Competent
AGT00926,84,68,37,4,1,91,92,100,95,96,Advanced
AGT00927,41,30,0,0,0,57,76,53,47,61,Competent
AGT00928,43,26,17,0,0,77,81,86,57,98,Competent
AGT00929,1,1,0,3,1,61,68,78,65,54,Competent
AGT00930,26,24,13,2,1,64,77,68,73,74,Basic
AGT00931,17,15,0,3,0,61,76,36,50,54,Needs Improvement
AGT00932,55,17,35,0,0,83,100,65,67,77,Advanced
AGT00933,75,64,40,2,1,71,91,65,68,71,Advanced
AGT00934,82,57,48,2,1,81,80,76,79,84,Advanced
AGT00935,23,8,23,1,0,55,57,50,64,93,Advanced
AGT00936,0,0,0,1,1,76,68,76,71,76,Advanced
AGT00937,0,0,0,0,0,42,50,63,50,54,Basic
AGT00938,54,2,13,1,1,57,70,75,61,50,Basic
AGT00939,42,35,22,2,1,70,66,64,59,72,Competent
AGT00940,34,11,20,0,0,74,88,55,73,57,Basic
AGT00941,64,33,16,1,0,53,50,67,71,73,Competent
AGT00942,71,32,11,1,1,53,54,92,79,78,Basic
AGT00943,40,19,13,1,1,72,68,66,57,63,Basic
AGT00944,49,24,34,1,1,59,67,78,84,93,Needs Improvement
AGT00945,33,15,17,2,1,73,53,61,47,82,Competent
AGT00946,27,27,21,0,0,71,54,51,53,60,Needs Improvement
AGT00947,66,48,52,1,0,65,59,73,64,74,Competent
AGT00948,0,0,0,0,0,36,36,33,14,26,Needs Improvement
AGT00949,51,25,39,2,0,67,61,70,61,63,Competent
AGT00950,0,0,0,2,1,29,22,35,24,13,Needs Improvement
AGT00951,0,0,0,0,0,35,48,50,19,38,Needs Improvement
AGT00952,53,17,46,3,0,47,82,72,60,66,Basic
AGT00953,34,18,29,0,0,67,87,54,44,46,Competent
AGT00954,0,0,0,1,1,62,55,39,71,55,Needs Improvement
AGT00955,0,0,0,0,0,58,61,54,53,65,Basic
AGT00956,39,39,27,1,1,75,77,73,78,74,Competent
AGT00957,30,9,3,2,1,59,66,50,57,23,Basic
AGT00958,77,29,57,3,1,100,92,84,91,82,Advanced
AGT00959,33,21,4,2,1,61,81,73,72,43,Competent
AGT00960,73,24,29,1,1,91,46,80,46,58,Advanced
AGT00961,39,25,1,2,1,78,78,94,93,91,Competent
AGT00962,32,22,32,1,0,73,70,45,77,34,Competent
AGT00963,15,0,0,1,0,56,55,37,47,40,Basic
AGT00964,15,0,10,0,0,54,53,56,55,69,Basic
AGT00965,30,4,29,3,1,58,49,62,21,53,Competent
AGT00966,0,0,0,0,0,53,61,46,29,37,Needs Improvement
AGT00967,50,14,34,1,1,60,53,52,63,84,Competent
AGT00968,3,0,0,0,0,55,37,50,65,57,Needs Improvement
AGT00969,85,41,69,2,1,59,85,76,81,85,Competent
AGT00970,30,17,25,2,1,68,71,44,59,68,Competent
AGT00971,43,13,16,1,1,61,61,89,80,60,Competent
AGT00972,27,0,26,0,0,60,53,60,69,76,Advanced
AGT00973,34,28,1,2,0,68,66,77,59,84,Advanced
AGT00974,32,0,14,2,0,66,86,59,90,46,Basic
AGT00975,12,0,12,2,1,44,36,59,35,51,Basic
AGT00976,15,0,0,2,0,46,36,53,30,49,Competent
AGT00977,38,29,31,1,1,72,69,82,67,67,Competent
AGT00978,20,11,10,0,0,76,61,55,46,68,Basic
AGT00979,0,0,0,2,1,52,45,68,39,49,Competent
AGT00980,80,29,15,1,1,59,77,46,75,88,Advanced
AGT00981,38,28,38,0,0,86,83,78,66,80,Advanced
AGT00982,27,0,0,2,1,38,53,49,43,62,Competent
AGT00983,31,0,8,0,0,65,74,50,61,47,Competent
AGT00984,49,49,11,2,1,80,76,93,43,57,Competent
AGT00985,14,0,0,0,0,49,69,88,44,54,Needs Improvement
AGT00986,35,26,24,5,1,68,56,40,63,83,Competent
AGT00987,6,0,0,2,1,39,39,51,34,35,Basic
AGT00988,65,34,37,2,1,68,52,73,63,54,Advanced
AGT00989,28,3,0,2,1,61,60,64,72,43,Basic
AGT00990,45,24,0,1,1,55,63,76,55,88,Advanced
AGT00991,59,15,24,0,0,72,56,86,53,68,Competent
AGT00992,89,51,51,3,1,91,81,78,69,84,Advanced
AGT00993,65,38,38,3,0,88,72,100,100,65,Advanced
AGT00994,99,47,50,3,1,79,65,85,95,87,Advanced
AGT00995,19,12,15,1,0,62,56,55,65,38,Competent
AGT00996,23,23,23,2,1,83,55,57,46,53,Competent
AGT00997,24,14,12,1,1,74,80,84,71,58,Competent
AGT00998,74,42,17,3,1,59,64,52,69,64,Competent
AGT00999,47,22,20,3,1,47,76,57,62,53,Basic
AGT01000,40,14,28,1,1,60,68,65,61,88,Basic
AGT01001,51,18,1,2,1,57,60,65,55,65,Competent
AGT01002,28,1,0,1,0,52,80,52,43,44,Basic
AGT01003,57,11,9,3,0,52,41,40,41,68,Basic
AGT01004,15,15,9,2,1,73,87,82,83,61,Competent
AGT01005,25,13,0,2,1,57,85,56,70,52,Competent
AGT01006,28,0,22,0,0,58,78,90,58,75,Competent
AGT01007,8,0,0,2,1,76,68,71,69,36,Advanced
AGT01008,42,19,0,1,0,69,78,74,61,64,Competent
AGT01009,40,15,18,3,0,62,69,76,95,59,Advanced
AGT01010,51,29,21,1,1,69,60,82,76,56,Competent
AGT01011,48,17,0,2,1,29,48,57,58,71,Competent
AGT01012,52,21,25,2,1,67,73,77,75,68,Competent
AGT01013,12,0,0,1,1,50,49,71,48,66,Basic
AGT01014,0,0,0,3,0,51,62,78,58,47,Advanced
AGT01015,27,5,3,2,1,41,45,48,56,54,Needs Improvement
AGT01016,0,0,0,0,0,41,54,62,38,47,Needs Improvement
AGT01017,20,0,20,3,1,63,48,61,64,58,Basic
AGT01018,44,10,20,0,0,59,63,65,67,77,Needs Improvement
AGT01019,30,0,0,1,0,51,48,59,29,67,Needs Improvement
AGT01020,6,6,6,1,0,88,57,39,54,59,Basic
AGT01021,15,0,10,1,1,64,67,61,66,51,Basic
AGT01022,63,43,41,3,1,67,81,77,43,59,Basic
AGT01023,45,18,14,3,1,64,74,55,43,76,Advanced
AGT01024,29,6,26,1,1,74,77,79,62,81,Basic
AGT01025,0,0,0,1,1,46,42,44,43,47,Needs Improvement
AGT01026,23,0,23,0,0,72,57,55,61,39,Basic
AGT01027,0,0,0,0,0,27,53,53,55,48,Basic
AGT01028,6,1,5,3,1,72,59,70,59,75,Competent
AGT01029,15,15,3,3,1,67,75,66,55,61,Advanced
AGT01030,56,11,37,5,1,84,90,84,54,96,Advanced
AGT01031,52,48,28,2,1,77,67,74,71,57,Competent
AGT01032,44,30,39,1,1,63,59,41,72,73,Competent
AGT01033,0,0,0,2,1,64,53,52,62,42,Competent
AGT01034,46,24,17,1,1,77,52,42,69,78,Advanced
AGT01035,39,23,5,2,1,69,54,65,62,62,Competent
AGT01036,39,0,0,1,1,64,81,73,73,81,Competent
AGT01037,52,40,35,3,0,74,62,82,74,77,Competent
AGT01038,17,0,0,1,0,33,75,62,69,49,Basic
AGT01039,31,1,31,0,0,58,68,81,57,63,Advanced
AGT01040,42,11,7,0,0,67,97,47,65,63,Competent
AGT01041,34,5,6,0,0,40,47,51,43,45,Needs Improvement
AGT01042,47,20,40,1,1,82,73,51,80,88,Competent
AGT01043,28,23,0,2,0,59,61,63,56,81,Competent
AGT01044,23,0,23,2,0,59,58,83,55,44,Needs Improvement
AGT01045,18,0,0,0,0,48,73,68,28,53,Basic
AGT01046,6,6,0,1,0,62,62,62,57,52,Competent
AGT01047,28,17,13,4,0,50,72,54,70,46,Basic
AGT01048,50,14,33,5,1,73,55,53,76,72,Competent
AGT01049,27,2,5,0,0,51,63,55,58,68,Advanced
AGT01050,64,43,40,1,1,76,58,79,78,78,Advanced
AGT01051,23,2,4,0,0,54,37,55,54,64,Needs Improvement
AGT01052,9,4,9,1,1,59,66,39,64,49,Needs Improvement
AGT01053,16,16,13,3,1,48,69,63,69,62,Basic
AGT01054,78,48,75,1,0,92,90,58,80,79,Advanced
AGT01055,0,0,0,0,0,44,60,59,42,49,Basic
AGT01056,39,31,6,4,1,84,90,65,77,77,Competent
AGT01057,25,9,25,2,1,57,84,46,57,74,Competent
AGT01058,30,12,8,0,0,78,55,75,45,79,Basic
AGT01059,20,10,20,1,0,64,84,69,46,70,Competent
AGT01060,33,19,17,2,1,59,92,68,67,54,Competent
AGT01061,48,6,30,1,1,56,59,88,68,44,Competent
AGT01062,63,51,29,1,1,98,60,82,79,81,Advanced
AGT01063,65,11,28,0,0,62,44,49,88,76,Needs Improvement
AGT01064,56,32,28,5,1,86,71,78,62,72,Advanced
AGT01065,12,0,12,2,1,44,83,51,57,36,Basic
AGT01066,29,16,16,1,1,55,65,77,75,85,Competent
AGT01067,13,0,7,1,1,42,47,55,60,56,Basic
AGT01068,47,35,0,3,1,70,61,70,75,65,Competent
AGT01069,96,47,48,5,1,79,64,55,91,63,Advanced
AGT01070,13,13,9,0,0,57,75,61,59,59,Competent
AGT01071,42,10,17,1,0,56,62,58,77,67,Competent
AGT01072,11,0,6,1,0,40,79,38,62,56,Basic
AGT01073,0,0,0,1,1,57,70,56,45,49,Advanced
AGT01074,12,0,0,1,0,51,59,52,46,44,Needs Improvement
AGT01075,35,20,19,2,1,37,53,53,33,45,Needs Improvement
AGT01076,19,11,0,1,1,68,54,45,80,81,Competent
AGT01077,56,42,40,3,0,92,68,69,79,86,Advanced
AGT01078,55,52,42,3,1,97,77,80,100,82,Basic
AGT01079,0,0,0,0,0,50,70,58,51,40,Needs Improvement
AGT01080,78,39,47,2,1,89,75,75,55,80,Advanced
AGT01081,26,2,26,2,0,56,79,58,92,58,Competent
AGT01082,7,0,7,2,1,60,65,54,58,53,Basic
AGT01083,43,24,19,1,1,58,66,66,53,51,Competent
AGT01084,22,7,19,0,0,46,52,74,73,49,Basic
AGT01085,24,20,21,3,0,62,70,66,86,64,Competent
AGT01086,35,26,9,0,0,45,58,76,55,53,Basic
AGT01087,0,0,0,0,0,44,62,63,43,76,Basic
AGT01088,0,0,0,2,0,52,41,67,45,52,Needs Improvement
AGT01089,46,9,33,1,1,87,79,85,52,54,Competent
AGT01090,42,39,13,1,1,59,82,79,52,39,Advanced
AGT01091,40,14,0,2,1,63,62,41,75,58,Basic
AGT01092,18,13,0,0,0,66,75,69,58,54,Basic
AGT01093,63,18,41,1,1,69,80,84,58,86,Competent
AGT01094,19,10,2,0,0,47,90,81,56,64,Basic
AGT01095,50,21,17,2,0,68,63,45,67,31,Competent
AGT01096,34,24,34,1,1,68,86,81,49,61,Advanced
AGT01097,85,64,31,3,1,95,80,76,85,68,Advanced
AGT01098,28,28,15,1,1,73,61,89,96,70,Competent
AGT01099,86,34,39,0,0,66,60,52,96,59,Basic
AGT01100,65,27,40,3,1,81,93,62,81,76,Competent
AGT01101,34,15,34,1,1,96,64,48,87,57,Basic
AGT01102,33,33,2,0,0,84,80,68,84,65,Advanced
AGT01103,56,42,34,1,0,65,76,96,68,72,Advanced
AGT01104,59,28,39,3,1,62,81,65,78,85,Competent
AGT01105,7,0,0,1,0,49,48,52,68,52,Basic
AGT01106,45,16,22,0,0,70,63,74,52,58,Competent
AGT01107,17,4,0,0,0,55,56,47,52,65,Basic
AGT01108,16,0,3,1,0,58,54,59,54,50,Competent
AGT01109,33,24,31,0,0,64,63,78,75,83,Basic
AGT01110,32,29,26,2,1,77,97,58,70,62,Competent
AGT01111,64,39,26,3,1,80,70,73,80,76,Competent
AGT01112,46,14,27,1,1,59,50,68,61,50,Competent
AGT01113,36,4,17,2,0,49,51,63,60,54,Needs Improvement
AGT01114,39,24,15,2,0,70,78,76,64,68,Advanced
AGT01115,37,36,0,2,1,72,40,66,61,54,Competent
AGT01116,45,27,16,2,0,56,80,66,52,55,Advanced
AGT01117,41,38,28,3,1,76,65,81,68,76,Competent
AGT01118,20,2,0,1,0,53,65,50,58,46,Basic
AGT01119,22,4,7,0,0,51,60,56,54,45,Competent
AGT01120,0,0,0,1,1,48,79,50,59,54,Competent
AGT01121,45,25,28,0,0,84,71,48,71,65,Competent
AGT01122,33,0,15,0,0,47,57,66,72,59,Needs Improvement
AGT01123,27,0,0,2,1,52,54,68,43,59,Needs Improvement
AGT01124,35,11,15,0,0,58,64,50,47,66,Competent
AGT01125,31,5,9,1,1,62,65,65,70,56,Advanced
AGT01126,35,30,17,2,1,50,68,50,60,45,Needs Improvement
AGT01127,65,51,36,3,0,72,83,64,79,71,Advanced
AGT01128,35,30,3,4,1,48,47,87,69,65,Basic
AGT01129,12,6,0,2,1,71,58,46,64,58,Advanced
AGT01130,0,0,0,0,0,26,51,25,22,34,Competent
AGT01131,24,0,1,0,0,46,48,56,66,42,Basic
AGT01132,13,3,4,0,0,78,70,62,51,64,Competent
AGT01133,17,0,0,2,1,46,59,64,72,50,Competent
AGT01134,46,17,25,3,1,83,76,99,58,83,Competent
AGT01135,17,0,1,0,0,69,78,49,60,68,Competent
AGT01136,36,24,36,0,0,88,57,65,72,70,Basic
AGT01137,54,28,12,1,0,51,58,82,38,72,Competent
AGT01138,50,27,13,1,0,56,80,74,70,62,Advanced
AGT01139,38,8,38,0,0,64,86,71,35,65,Competent
AGT01140,66,33,30,1,0,79,92,53,58,36,Advanced
AGT01141,61,41,22,5,1,77,83,91,93,65,Advanced
AGT01142,38,0,4,1,1,27,47,51,28,28,Needs Improvement
AGT01143,0,0,0,1,0,40,55,45,27,37,Needs Improvement
AGT01144,24,18,15,0,0,61,75,49,64,57,Competent
AGT01145,23,0,6,2,1,68,69,63,55,62,Competent
AGT01146,51,30,20,1,1,63,83,89,64,71,Competent
AGT01147,55,47,44,0,0,63,75,51,84,59,Competent
AGT01148,20,0,11,3,0,59,67,47,40,65,Competent
AGT01149,82,45,52,3,1,87,64,62,68,95,Advanced
AGT01150,55,18,35,1,0,73,71,65,81,68,Competent
AGT01151,39,38,11,2,1,64,61,62,50,54,Competent
AGT01152,33,22,29,4,1,65,60,82,92,62,Competent
AGT01153,43,21,33,5,1,82,48,69,61,66,Advanced
AGT01154,16,16,3,2,1,56,54,57,65,48,Basic
AGT01155,33,29,33,5,1,81,69,71,79,48,Competent
AGT01156,18,0,18,1,0,64,67,70,57,44,Basic
AGT01157,78,25,32,2,1,63,72,39,55,74,Advanced
AGT01158,55,44,37,1,0,68,82,88,77,91,Competent
AGT01159,0,0,0,0,0,11,37,28,42,56,Needs Improvement
AGT01160,0,0,0,2,1,55,40,42,32,49,Basic
AGT01161,5,0,0,3,1,47,64,55,32,36,Basic
AGT01162,33,0,12,1,1,59,60,57,72,52,Competent
AGT01163,35,32,6,1,1,47,57,65,50,39,Competent
AGT01164,12,0,0,1,1,34,48,49,47,27,Needs Improvement
AGT01165,0,0,0,0,0,59,46,48,46,53,Basic
AGT01166,19,0,9,0,0,66,50,73,47,59,Basic
AGT01167,63,28,54,1,0,88,83,92,100,100,Advanced
AGT01168,55,28,39,2,1,91,80,81,78,78,Advanced
AGT01169,5,5,0,1,1,58,69,66,50,39,Basic
AGT01170,1,1,1,3,0,56,66,49,51,54,Basic
AGT01171,26,8,0,0,0,64,72,79,41,45,Basic
AGT01172,4,0,0,2,0,33,60,30,31,36,Needs Improvement
AGT01173,45,13,12,4,1,72,87,61,52,63,Competent
AGT01174,11,0,0,3,1,52,62,48,68,35,Needs Improvement
AGT01175,42,42,34,2,1,61,71,56,71,63,Basic
AGT01176,0,0,0,2,1,54,43,41,38,52,Advanced
AGT01177,30,30,10,1,0,55,67,44,66,70,Competent
AGT01178,36,33,14,3,1,63,59,78,44,65,Competent
AGT01179,49,3,29,0,0,79,51,49,79,78,Competent
AGT01180,45,15,22,5,0,79,87,78,80,60,Advanced
AGT01181,0,0,0,1,0,56,37,58,72,43,Needs Improvement
AGT01182,20,16,19,3,1,38,79,64,81,85,Basic
AGT01183,1,0,0,0,0,56,46,61,55,35,Basic
AGT01184,53,53,29,5,1,72,85,65,86,63,Advanced
AGT01185,42,5,18,3,1,62,80,47,51,74,Competent
AGT01186,0,0,0,1,0,50,58,34,39,44,Needs Improvement
AGT01187,6,6,0,3,0,60,77,67,55,53,Basic
AGT01188,24,14,21,1,1,73,69,72,80,61,Competent
AGT01189,36,23,8,0,0,68,98,70,57,67,Competent
AGT01190,3,0,0,1,0,74,73,55,45,71,Competent
AGT01191,35,31,21,1,1,89,70,72,80,86,Advanced
AGT01192,35,31,10,1,0,80,76,66,80,69,Advanced
AGT01193,26,12,20,0,0,63,61,36,48,72,Advanced
AGT01194,24,24,4,1,0,82,69,69,76,70,Competent
AGT01195,67,64,34,2,1,96,64,85,100,90,Advanced
AGT01196,88,68,66,1,1,86,89,80,100,71,Advanced
AGT01197,0,0,0,0,0,55,36,73,50,69,Competent
AGT01198,8,0,0,2,1,52,25,40,48,53,Basic
AGT01199,78,40,31,2,1,99,76,66,98,42,Advanced
AGT01200,1,0,1,1,1,58,45,53,48,69,Basic
AGT01201,0,0,0,1,1,39,41,52,56,47,Basic
AGT01202,41,7,20,0,0,77,23,32,77,52,Needs Improvement
AGT01203,33,7,23,1,0,49,59,73,73,58,Basic
AGT01204,48,5,18,3,1,66,62,63,46,65,Competent
AGT01205,25,0,0,1,1,47,51,28,37,42,Basic
AGT01206,10,0,0,4,1,70,63,53,48,46,Competent
AGT01207,24,0,18,1,0,55,75,44,59,48,Basic
AGT01208,18,0,8,1,1,43,62,47,55,48,Basic
AGT01209,94,58,48,0,0,89,100,64,100,78,Advanced
AGT01210,26,0,13,1,0,59,81,69,66,73,Competent
AGT01211,48,34,23,1,1,71,62,92,67,73,Competent
AGT01212,19,12,0,2,1,53,65,60,41,59,Competent
AGT01213,39,8,15,3,1,53,75,31,71,66,Competent
AGT01214,0,0,0,1,1,55,53,58,51,51,Basic
AGT01215,0,0,0,0,0,31,29,35,13,23,Basic
AGT01216,11,0,0,0,0,35,58,34,44,68,Basic
AGT01217,0,0,0,0,0,24,29,49,28,54,Basic
AGT01218,7,0,0,0,0,36,29,52,30,58,Needs Improvement
AGT01219,46,18,6,0,0,51,45,42,48,61,Basic
AGT01220,75,52,30,3,0,86,84,52,67,68,Competent
AGT01221,55,34,28,1,1,66,67,34,56,33,Competent
AGT01222,57,13,32,4,1,93,90,64,64,59,Basic
AGT01223,8,8,8,2,0,76,58,63,54,71,Competent
AGT01224,12,12,9,0,0,96,61,61,55,66,Competent
AGT01225,17,10,0,0,0,78,62,44,44,46,Basic
AGT01226,30,22,17,1,0,53,61,73,55,35,Basic
AGT01227,28,20,2,1,0,52,65,74,75,66,Basic
AGT01228,17,0,8,5,1,54,37,58,55,42,Competent
AGT01229,52,32,14,0,0,74,74,77,82,57,Competent
AGT01230,15,8,15,1,0,69,89,58,87,76,Basic
AGT01231,11,10,0,1,0,61,47,42,62,42,Basic
AGT01232,35,0,16,0,0,45,66,44,52,39,Basic
AGT01233,0,0,0,1,0,40,52,43,55,51,Needs Improvement
AGT01234,47,45,11,0,0,58,45,35,70,71,Basic
AGT01235,28,8,18,0,0,64,58,57,63,59,Basic
AGT01236,24,0,16,1,1,59,46,68,50,71,Competent
AGT01237,50,11,39,0,0,58,61,72,47,48,Competent
AGT01238,55,33,27,1,1,67,76,73,78,49,Competent
AGT01239,59,22,50,1,1,75,93,68,66,51,Advanced
AGT01240,40,30,26,2,1,80,63,94,95,56,Competent
AGT01241,76,55,54,1,1,89,72,59,88,80,Advanced
AGT01242,0,0,0,1,1,41,44,39,40,38,Needs Improvement
AGT01243,68,55,46,3,1,74,67,91,96,62,Advanced
AGT01244,24,15,0,3,0,58,61,57,24,59,Basic
AGT01245,60,48,19,5,1,79,75,62,97,80,Competent
AGT01246,37,18,20,3,1,55,44,69,45,74,Competent
AGT01247,7,7,0,0,0,69,61,52,61,66,Competent
AGT01248,0,0,0,2,1,56,32,34,45,32,Needs Improvement
AGT01249,42,20,25,2,1,54,63,48,72,63,Competent
AGT01250,2,0,0,0,0,55,65,51,38,51,Needs Improvement
AGT01251,70,38,24,1,1,53,80,72,46,64,Advanced
AGT01252,60,57,31,0,0,91,82,94,76,78,Advanced
AGT01253,0,0,0,2,0,44,51,50,47,37,Advanced
AGT01254,53,43,22,1,0,75,69,60,42,56,Competent
AGT01255,9,6,0,0,0,44,65,73,52,57,Competent
AGT01256,24,0,0,0,0,53,64,68,39,71,Competent
AGT01257,34,28,34,0,0,65,72,70,77,83,Competent
AGT01258,59,9,13,1,1,60,67,40,56,68,Competent
AGT01259,49,20,49,1,1,100,67,66,100,81,Advanced
AGT01260,14,4,0,0,0,55,51,43,51,54,Basic
AGT01261,52,38,30,0,0,94,83,70,78,54,Advanced
AGT01262,12,12,12,2,1,60,76,55,58,51,Basic
AGT01263,52,36,40,0,0,86,74,89,51,61,Competent
AGT01264,50,23,10,2,1,42,78,37,54,63,Basic
AGT01265,20,0,14,0,0,59,71,45,67,71,Needs Improvement
AGT01266,35,12,17,0,0,56,61,63,66,68,Competent
AGT01267,0,0,0,0,0,65,42,60,46,66,Competent
AGT01268,43,1,30,2,0,72,89,33,47,69,Basic
AGT01269,37,31,37,2,0,52,81,44,76,57,Advanced
AGT01270,27,8,21,0,0,58,93,63,70,66,Needs Improvement
AGT01271,80,59,51,1,1,73,100,92,91,69,Advanced
AGT01272,53,50,41,1,1,89,64,99,75,84,Advanced
AGT01273,19,0,0,3,1,64,46,52,34,51,Basic
AGT01274,31,24,21,1,1,64,34,62,71,63,Competent
AGT01275,0,0,0,2,1,49,70,45,52,62,Basic
AGT01276,10,0,0,2,1,69,73,69,75,50,Basic
AGT01277,35,10,34,0,0,44,60,75,54,69,Basic
AGT01278,24,21,21,1,1,87,66,92,76,60,Advanced
AGT01279,23,8,3,3,1,70,68,64,68,66,Basic
AGT01280,18,18,18,0,0,57,65,48,51,58,Advanced
AGT01281,85,29,32,1,0,81,86,72,66,83,Competent
AGT01282,0,0,0,0,0,35,47,59,35,23,Needs Improvement
AGT01283,0,0,0,0,0,40,53,38,27,23,Basic
AGT01284,69,48,34,2,1,60,71,45,69,79,Competent
AGT01285,18,12,0,1,1,68,80,57,83,55,Advanced
AGT01286,53,29,29,1,1,74,75,60,76,63,Advanced
AGT01287,0,0,0,1,0,48,37,25,48,39,Needs Improvement
AGT01288,49,11,37,3,1,67,81,64,78,73,Advanced
AGT01289,63,58,35,0,0,87,100,86,75,84,Competent
AGT01290,28,28,28,0,0,81,79,93,99,72,Competent
AGT01291,29,20,29,2,1,65,70,45,57,49,Competent
AGT01292,26,0,0,0,0,46,81,67,78,61,Competent
AGT01293,13,6,0,1,1,64,41,70,79,44,Competent
AGT01294,0,0,0,1,0,20,59,49,16,32,Needs Improvement
AGT01295,25,14,2,0,0,68,62,50,80,45,Basic
AGT01296,58,50,33,1,1,70,87,55,69,68,Advanced
AGT01297,6,0,0,0,0,37,51,48,35,58,Basic
AGT01298,16,0,0,1,1,55,43,56,58,56,Needs Improvement
AGT01299,0,0,0,0,0,41,47,43,34,43,Needs Improvement
AGT01300,13,1,0,1,1,54,68,69,54,52,Competent
AGT01301,41,9,18,0,0,63,63,56,48,63,Basic
AGT01302,25,0,0,1,1,29,37,18,39,41,Needs Improvement
AGT01303,59,43,21,3,0,82,64,64,85,69,Advanced
AGT01304,63,48,29,2,0,74,80,74,76,56,Advanced
AGT01305,81,50,28,3,1,64,83,63,57,61,Competent
AGT01306,0,0,0,2,1,43,15,43,40,16,Needs Improvement
AGT01307,19,0,2,4,1,62,89,71,31,57,Advanced
AGT01308,67,37,15,2,1,83,80,58,65,58,Competent
AGT01309,0,0,0,0,0,23,44,30,25,48,Needs Improvement
AGT01310,15,11,0,0,0,45,56,78,65,27,Basic
AGT01311,0,0,0,0,0,49,53,25,51,68,Needs Improvement
AGT01312,58,20,49,2,1,82,75,68,75,51,Advanced
AGT01313,13,5,0,0,0,56,46,71,52,39,Needs Improvement
AGT01314,41,19,21,1,1,36,59,80,55,68,Basic
AGT01315,61,31,22,0,0,77,85,75,85,74,Advanced
AGT01316,82,66,47,2,0,94,65,86,76,77,Advanced
AGT01317,23,17,0,1,1,57,68,46,63,68,Basic
AGT01318,25,25,11,1,0,76,64,82,63,54,Basic
AGT01319,21,0,0,0,0,48,39,32,50,41,Basic
AGT01320,68,44,33,1,1,71,100,57,68,69,Competent
AGT01321,0,0,0,4,1,64,46,59,63,46,Competent
AGT01322,13,0,0,1,0,43,46,50,69,31,Basic
AGT01323,33,6,30,0,0,61,63,63,70,62,Basic
AGT01324,13,0,1,0,0,40,40,53,44,44,Needs Improvement
AGT01325,51,24,37,2,0,58,67,86,58,78,Competent
AGT01326,54,52,46,1,1,77,77,75,100,57,Competent
AGT01327,46,46,28,1,1,78,71,56,55,57,Advanced
AGT01328,0,0,0,1,1,53,48,55,53,59,Needs Improvement
AGT01329,15,11,0,1,1,67,55,49,62,61,Competent
AGT01330,40,31,36,2,0,56,80,80,68,76,Competent
AGT01331,0,0,0,0,0,26,45,45,41,48,Basic
AGT01332,8,0,8,0,0,50,48,57,41,56,Basic
AGT01333,14,14,9,0,0,73,92,46,74,90,Advanced
AGT01334,28,28,28,1,1,61,66,34,68,65,Advanced
AGT01335,39,34,17,2,1,85,82,45,98,52,Advanced
AGT01336,62,32,56,0,0,87,98,100,93,89,Advanced
AGT01337,35,29,35,3,1,73,85,50,72,60,Competent
AGT01338,52,39,13,2,1,79,80,76,76,65,Competent
AGT01339,65,58,43,3,0,98,92,77,100,92,Advanced
AGT01340,0,0,0,1,0,83,62,56,44,47,Competent
AGT01341,8,0,0,1,1,43,54,53,48,46,Basic
AGT01342,52,29,32,0,0,62,43,86,43,72,Basic
AGT01343,69,35,28,2,0,59,78,73,73,59,Advanced
AGT01344,34,0,9,1,1,69,63,61,63,67,Competent
AGT01345,0,0,0,0,0,56,65,69,36,38,Needs Improvement
AGT01346,72,45,26,2,1,87,87,74,100,71,Advanced
AGT01347,41,6,34,1,1,58,76,78,53,88,Advanced
AGT01348,19,18,0,1,1,65,41,66,49,34,Needs Improvement
AGT01349,58,40,37,1,0,77,60,81,73,71,Competent
AGT01350,11,3,11,2,0,73,34,58,76,81,Advanced
AGT01351,26,2,24,4,1,58,61,53,45,59,Competent
AGT01352,49,30,22,3,1,74,61,55,71,82,Competent
AGT01353,19,7,0,0,0,48,41,39,55,55,Needs Improvement
AGT01354,23,3,13,2,1,61,73,52,69,63,Needs Improvement
AGT01355,62,45,43,2,0,86,79,83,90,79,Advanced
AGT01356,0,0,0,0,0,57,52,62,72,38,Basic
AGT01357,11,0,3,0,0,62,92,63,48,52,Competent
AGT01358,10,0,0,3,1,62,59,63,73,57,Needs Improvement
AGT01359,3,0,0,2,1,66,48,44,53,58,Needs Improvement
AGT01360,28,8,16,2,0,65,54,45,53,88,Competent
AGT01361,21,0,0,1,1,56,59,55,70,59,Advanced
AGT01362,8,8,6,0,0,88,72,59,61,75,Competent
AGT01363,0,0,0,2,0,47,63,34,45,57,Basic
AGT01364,31,18,31,0,0,86,73,91,60,76,Basic
AGT01365,31,13,8,1,0,70,83,38,86,55,Needs Improvement
AGT01366,14,14,10,0,0,66,64,91,91,62,Competent
AGT01367,8,0,0,2,1,51,59,55,45,45,Basic
AGT01368,51,51,37,2,0,86,91,86,84,80,Advanced
AGT01369,60,38,50,3,1,68,92,83,75,73,Competent
AGT01370,51,51,36,1,1,64,90,78,70,79,Competent
AGT01371,0,0,0,0,0,31,47,69,44,33,Needs Improvement
AGT01372,19,19,19,0,0,72,73,54,68,70,Advanced
AGT01373,12,8,0,1,0,64,39,63,45,81,Basic
AGT01374,0,0,0,1,0,28,47,35,45,42,Needs Improvement
AGT01375,29,13,8,3,1,63,78,39,59,82,Competent
AGT01376,26,25,4,1,1,66,79,56,68,65,Competent
AGT01377,52,27,12,1,0,80,70,90,66,65,Competent
AGT01378,29,10,0,1,0,82,87,60,57,62,Advanced
AGT01379,18,7,0,1,0,70,63,89,72,58,Basic
AGT01380,54,49,31,3,0,75,71,100,85,52,Advanced
AGT01381,59,52,33,2,1,84,72,100,93,84,Advanced
AGT01382,0,0,0,1,0,25,23,60,35,60,Needs Improvement
AGT01383,57,13,20,1,0,56,69,89,54,64,Competent
AGT01384,15,9,0,0,0,52,67,64,65,64,Competent
AGT01385,0,0,0,0,0,35,55,48,17,41,Needs Improvement
AGT01386,40,31,14,0,0,62,61,66,88,75,Competent
AGT01387,55,21,40,0,0,85,77,72,76,74,Advanced
AGT01388,0,0,0,3,1,52,28,53,73,52,Basic
AGT01389,9,0,0,1,1,83,73,74,51,43,Competent
AGT01390,2,0,0,1,1,56,57,47,35,44,Needs Improvement
AGT01391,0,0,0,3,1,57,45,37,56,57,Basic
AGT01392,28,9,23,1,1,78,79,79,78,85,Advanced
AGT01393,5,0,0,0,0,46,56,47,57,65,Needs Improvement
AGT01394,20,3,16,0,0,63,91,57,65,46,Needs Improvement
AGT01395,3,0,0,0,0,31,34,42,32,24,Needs Improvement
AGT01396,78,59,47,2,1,63,88,73,66,87,Competent
AGT01397,26,22,22,2,0,61,58,81,70,58,Competent
AGT01398,22,22,18,1,1,74,56,57,43,70,Competent
AGT01399,8,0,0,2,0,73,74,81,47,45,Competent
AGT01400,0,0,0,0,0,40,48,51,39,45,Needs Improvement
AGT01401,61,34,36,1,0,81,77,70,79,73,Competent
AGT01402,38,21,30,2,0,40,66,60,81,65,Basic
AGT01403,13,0,0,2,1,62,57,42,68,45,Needs Improvement
AGT01404,39,12,0,0,0,67,71,61,72,31,Competent
AGT01405,0,0,0,0,0,53,56,67,60,56,Needs Improvement
AGT01406,21,21,11,2,1,55,71,80,72,73,Competent
AGT01407,48,4,0,2,1,62,72,46,91,73,Competent
AGT01408,73,38,27,1,1,82,74,47,53,63,Competent
AGT01409,39,3,0,2,1,64,73,54,53,68,Competent
AGT01410,40,28,23,3,1,56,74,84,62,72,Competent
AGT01411,0,0,0,0,0,78,66,60,65,71,Basic
AGT01412,38,38,24,0,0,80,83,71,73,81,Advanced
AGT01413,1,0,0,1,1,39,36,28,51,24,Basic
AGT01414,49,44,41,1,1,69,60,63,83,74,Competent
AGT01415,37,37,5,0,0,70,59,64,86,73,Competent
AGT01416,14,0,0,3,1,47,78,65,59,58,Needs Improvement
AGT01417,77,62,47,3,1,97,61,94,100,65,Competent
AGT01418,67,50,25,2,1,87,89,56,73,67,Advanced
AGT01419,52,28,25,1,0,71,65,80,77,81,Competent
AGT01420,53,8,5,2,1,53,80,70,50,59,Basic
AGT01421,26,20,10,2,1,63,36,44,47,54,Basic
AGT01422,24,0,5,4,0,64,60,58,77,80,Basic
AGT01423,57,26,32,1,1,69,86,69,55,53,Competent
AGT01424,40,30,30,0,0,83,88,76,83,89,Basic
AGT01425,84,46,36,2,1,63,63,40,72,76,Basic
AGT01426,19,0,0,1,1,51,33,55,63,48,Basic
AGT01427,53,22,33,5,1,71,57,77,49,69,Competent
AGT01428,58,35,26,1,0,84,91,90,82,69,Advanced
AGT01429,77,51,33,3,1,91,67,58,70,70,Advanced
AGT01430,59,59,42,1,0,73,72,61,65,63,Advanced
AGT01431,0,0,0,3,1,58,66,56,52,51,Basic
AGT01432,37,10,22,0,0,52,40,56,62,49,Basic
AGT01433,6,0,6,0,0,45,61,54,58,48,Basic
AGT01434,0,0,0,0,0,48,44,54,40,41,Needs Improvement
AGT01435,12,0,0,0,0,69,71,49,47,34,Needs Improvement
AGT01436,38,7,0,3,1,57,57,65,45,59,Competent
AGT01437,9,0,9,1,1,64,42,47,63,50,Competent
AGT01438,0,0,0,1,0,24,30,33,13,10,Basic
AGT01439,0,0,0,1,0,37,60,72,44,44,Needs Improvement
AGT01440,87,54,57,2,1,80,81,53,100,70,Advanced
AGT01441,52,15,3,0,0,55,59,51,59,69,Basic
AGT01442,38,4,13,2,0,75,79,48,71,57,Competent
AGT01443,3,0,0,0,0,51,49,50,31,54,Basic
AGT01444,52,36,19,0,0,80,80,88,62,90,Competent
AGT01445,47,32,15,1,1,56,58,62,70,52,Basic
AGT01446,30,7,27,2,1,66,79,62,58,64,Competent
AGT01447,69,33,50,1,0,96,92,99,99,100,Basic
AGT01448,78,48,58,1,1,86,73,79,81,81,Advanced
AGT01449,14,14,14,1,0,61,44,69,99,62,Basic
AGT01450,17,3,1,2,1,53,72,65,47,49,Competent
AGT01451,0,0,0,0,0,67,53,21,59,64,Competent
AGT01452,53,17,11,2,0,63,71,65,56,64,Advanced
AGT01453,63,47,32,3,0,83,92,46,76,39,Competent
AGT01454,35,0,0,0,0,64,71,47,61,51,Basic
AGT01455,86,42,42,5,1,71,99,93,67,62,Advanced
AGT01456,12,11,8,0,0,62,57,55,56,60,Basic
AGT01457,80,34,69,3,0,99,100,100,100,76,Advanced
AGT01458,15,15,0,1,0,60,66,44,77,66,Competent
AGT01459,62,51,32,2,0,72,87,63,66,79,Competent
AGT01460,51,36,22,2,1,57,93,74,62,49,Competent
AGT01461,51,38,32,1,1,79,71,65,95,65,Basic
AGT01462,0,0,0,0,0,37,58,58,50,60,Needs Improvement
AGT01463,0,0,0,1,0,38,46,52,53,65,Needs Improvement
AGT01464,14,9,0,3,1,73,80,63,77,52,Advanced
AGT01465,59,23,33,3,1,73,68,66,56,58,Competent
AGT01466,68,35,32,3,1,56,78,64,53,86,Advanced
AGT01467,29,9,0,1,1,41,32,58,44,47,Basic
AGT01468,0,0,0,1,0,31,58,70,60,48,Basic
AGT01469,27,2,0,0,0,48,43,46,57,37,Basic
AGT01470,12,0,0,0,0,32,56,40,50,46,Needs Improvement
AGT01471,4,0,4,2,1,59,66,55,59,81,Basic
AGT01472,47,25,33,2,1,80,70,90,87,75,Advanced
AGT01473,49,26,11,3,1,60,60,70,60,73,Competent
AGT01474,0,0,0,0,0,26,32,16,44,39,Competent
AGT01475,3,3,3,2,1,42,73,34,69,45,Competent
AGT01476,38,2,21,1,1,63,51,49,78,51,Needs Improvement
AGT01477,33,24,19,1,1,90,83,83,82,66,Competent
AGT01478,0,0,0,2,1,38,55,47,40,48,Needs Improvement
AGT01479,43,25,0,3,1,48,80,64,74,70,Advanced
AGT01480,64,32,33,1,0,84,82,74,97,80,Advanced
AGT01481,30,25,27,0,0,72,67,83,60,62,Competent
AGT01482,57,23,25,2,0,70,74,76,54,57,Needs Improvement
AGT01483,50,22,21,2,1,78,41,63,78,66,Basic
AGT01484,60,46,0,0,0,73,54,79,48,47,Advanced
AGT01485,61,43,25,0,0,71,68,47,52,55,Competent
AGT01486,33,15,9,1,1,58,48,53,50,63,Basic
AGT01487,61,57,37,3,0,74,55,71,75,67,Advanced
AGT01488,7,0,2,1,1,45,62,56,32,43,Needs Improvement
AGT01489,38,7,15,2,1,78,71,42,65,61,Competent
AGT01490,29,5,11,0,0,56,68,59,64,70,Needs Improvement
AGT01491,0,0,0,0,0,54,51,61,46,55,Needs Improvement
AGT01492,12,0,2,2,0,72,66,67,82,50,Basic
AGT01493,12,0,0,0,0,57,65,71,57,45,Competent
AGT01494,13,0,0,1,1,45,51,61,61,47,Basic
AGT01495,49,26,2,1,1,42,67,57,40,60,Competent
AGT01496,7,0,7,4,1,27,44,60,29,49,Needs Improvement
AGT01497,55,19,21,2,0,85,69,61,69,63,Advanced
AGT01498,26,6,2,1,1,50,67,53,69,49,Basic
AGT01499,40,33,15,2,1,66,87,78,57,66,Competent
AGT01500,17,0,0,0,0,50,69,50,48,39,Basic
AGT01501,14,0,11,0,0,46,63,61,38,68,Basic
AGT01502,41,0,0,2,0,51,59,68,43,48,Basic
AGT01503,68,29,31,5,0,71,73,82,77,76,Advanced
AGT01504,15,1,8,1,1,54,47,80,56,38,Competent
AGT01505,29,11,12,1,1,40,47,89,42,56,Competent
AGT01506,70,23,22,0,0,54,68,75,50,52,Basic
AGT01507,0,0,0,0,0,44,43,36,14,28,Needs Improvement
AGT01508,37,0,4,1,0,53,82,67,63,88,Basic
AGT01509,80,56,39,2,1,93,100,85,92,84,Advanced
AGT01510,14,12,0,0,0,72,58,70,68,75,Competent
AGT01511,41,23,28,1,0,63,75,81,51,73,Advanced
AGT01512,16,12,0,1,1,66,65,44,77,76,Basic
AGT01513,37,6,26,1,1,75,82,89,76,67,Competent
AGT01514,9,0,0,0,0,32,55,67,38,60,Needs Improvement
AGT01515,3,0,0,0,0,51,63,53,39,54,Basic
AGT01516,29,9,11,2,0,82,61,71,53,62,Competent
AGT01517,24,4,12,1,1,66,70,51,54,57,Competent
AGT01518,55,53,31,2,1,60,56,73,97,72,Advanced
AGT01519,24,17,11,1,1,54,77,67,71,58,Competent
AGT01520,3,0,0,1,1,37,45,52,36,41,Needs Improvement
AGT01521,0,0,0,2,1,50,52,59,52,52,Needs Improvement
AGT01522,0,0,0,0,0,11,13,44,17,55,Needs Improvement
AGT01523,20,0,11,2,1,43,58,71,64,44,Basic
AGT01524,0,0,0,1,0,71,79,70,46,71,Needs Improvement
AGT01525,5,0,0,0,0,51,56,44,62,51,Basic
AGT01526,80,27,58,4,1,63,84,82,100,90,Advanced
AGT01527,61,43,28,3,1,68,77,96,68,69,Advanced
AGT01528,3,2,3,5,1,63,76,59,92,63,Competent
AGT01529,0,0,0,1,1,27,46,61,43,38,Needs Improvement
AGT01530,40,23,40,1,0,72,60,55,58,48,Advanced
AGT01531,69,26,27,2,1,60,71,66,57,88,Basic
AGT01532,33,24,7,3,0,50,87,55,92,51,Advanced
AGT01533,73,40,19,1,1,88,81,88,79,71,Competent
AGT01534,13,0,13,0,0,50,52,72,40,37,Basic
AGT01535,79,58,53,0,0,85,100,78,83,66,Advanced
AGT01536,0,0,0,0,0,45,69,68,54,48,Needs Improvement
AGT01537,62,23,62,1,1,85,82,89,68,65,Competent
AGT01538,0,0,0,0,0,45,52,45,45,30,Needs Improvement
AGT01539,27,9,0,0,0,60,64,54,71,50,Basic
AGT01540,46,20,29,4,1,76,89,84,62,58,Advanced
AGT01541,28,11,0,3,1,59,36,48,64,58,Basic
AGT01542,53,35,23,2,1,77,78,70,70,67,Advanced
AGT01543,32,23,9,1,0,60,65,91,57,32,Competent
AGT01544,35,0,5,0,0,60,58,54,70,52,Competent
AGT01545,52,35,15,0,0,74,76,84,58,78,Competent
AGT01546,14,14,14,0,0,63,44,66,29,46,Basic
AGT01547,23,12,0,0,0,27,26,43,44,49,Basic
AGT01548,33,18,3,1,1,57,72,57,50,57,Competent
AGT01549,27,21,24,1,1,72,76,89,50,54,Basic
AGT01550,48,12,27,2,1,65,40,72,43,65,Needs Improvement
AGT01551,0,0,0,4,1,46,42,56,65,55,Competent
AGT01552,0,0,0,1,1,49,68,75,56,42,Needs Improvement
AGT01553,37,16,10,1,0,48,56,52,54,52,Basic
AGT01554,0,0,0,0,0,62,76,44,81,70,Basic
AGT01555,19,0,4,0,0,49,64,72,57,37,Basic
AGT01556,13,1,1,2,1,49,42,57,73,59,Needs Improvement
AGT01557,12,1,0,1,0,47,56,66,37,39,Basic
AGT01558,53,36,45,1,1,70,67,58,55,69,Competent
AGT01559,57,25,23,0,0,68,56,73,76,74,Advanced
AGT01560,12,0,8,3,1,74,46,45,62,30,Basic
AGT01561,35,30,15,2,1,60,51,58,73,51,Advanced
AGT01562,35,35,7,1,1,64,59,54,44,66,Needs Improvement
AGT01563,0,0,0,1,1,43,60,42,58,54,Basic
AGT01564,4,0,0,1,0,54,66,47,58,42,Basic
AGT01565,36,0,0,2,0,44,62,23,60,37,Basic
AGT01566,47,20,0,0,0,48,68,40,49,61,Competent
AGT01567,20,13,0,0,0,54,50,61,54,45,Competent
AGT01568,12,0,9,0,0,68,74,67,50,68,Competent
AGT01569,53,28,42,2,1,49,71,54,65,74,Basic
AGT01570,14,0,0,0,0,40,44,54,30,39,Needs Improvement
AGT01571,44,29,0,1,1,63,88,50,53,72,Competent
AGT01572,40,10,21,1,0,56,35,68,54,52,Competent
AGT01573,43,3,13,2,0,68,46,63,56,78,Basic
AGT01574,28,19,16,4,0,46,69,57,51,76,Competent
AGT01575,0,0,0,3,1,18,47,47,28,59,Needs Improvement
AGT01576,0,0,0,2,0,37,35,83,69,45,Basic
AGT01577,37,21,13,3,1,65,53,51,55,91,Basic
AGT01578,54,27,30,1,0,46,64,73,75,73,Competent
AGT01579,0,0,0,1,1,26,54,51,15,42,Needs Improvement
AGT01580,13,13,8,3,1,49,83,52,79,63,Advanced
AGT01581,65,44,48,5,1,75,97,51,77,61,Advanced
AGT01582,64,31,34,2,1,78,44,52,55,77,Advanced
AGT01583,42,41,29,1,1,67,54,76,63,60,Advanced
AGT01584,15,0,0,0,0,52,41,50,61,64,Basic
AGT01585,33,6,25,1,0,68,79,57,22,74,Advanced
AGT01586,34,0,0,1,0,41,54,58,32,52,Needs Improvement
AGT01587,0,0,0,0,0,30,43,29,33,30,Basic
AGT01588,53,41,17,2,1,83,77,68,71,65,Competent
AGT01589,0,0,0,4,1,53,54,32,78,18,Basic
AGT01590,11,0,11,1,1,59,47,61,49,55,Competent
AGT01591,1,0,0,1,1,43,57,52,56,56,Basic
AGT01592,26,0,11,1,1,41,49,59,66,45,Needs Improvement
AGT01593,59,34,22,1,1,68,49,45,68,53,Basic
AGT01594,23,7,0,1,1,49,65,52,43,49,Competent
AGT01595,31,22,15,1,1,78,64,48,49,78,Competent
AGT01596,84,44,20,3,1,58,72,62,77,64,Basic
AGT01597,29,13,14,0,0,79,67,83,83,86,Competent
AGT01598,24,4,0,0,0,69,78,59,67,54,Basic
AGT01599,30,30,21,0,0,74,83,57,92,78,Competent
AGT01600,34,0,14,1,0,53,44,43,78,46,Competent
AGT01601,46,39,20,2,0,55,68,40,72,85,Competent
AGT01602,96,68,29,1,1,77,81,54,64,74,Competent
AGT01603,30,30,30,0,0,74,84,81,75,99,Competent
AGT01604,28,2,0,0,0,42,63,29,60,41,Competent
AGT01605,25,6,0,0,0,66,54,62,53,75,Basic
AGT01606,72,29,49,2,0,84,87,74,93,78,Advanced
AGT01607,11,7,7,1,0,58,49,59,63,74,Needs Improvement
AGT01608,60,28,11,2,1,55,66,66,67,47,Competent
AGT01609,40,17,35,1,1,62,60,47,54,65,Competent
AGT01610,22,11,5,2,1,60,79,68,57,43,Needs Improvement
AGT01611,47,34,19,1,1,60,66,55,68,67,Basic
AGT01612,11,0,0,0,0,73,70,54,36,39,Needs Improvement
AGT01613,19,0,19,1,1,69,43,54,52,59,Competent
AGT01614,23,23,3,0,0,57,62,71,47,73,Needs Improvement
AGT01615,0,0,0,0,0,47,48,62,46,59,Basic
AGT01616,56,24,18,4,1,67,100,32,57,51,Advanced
AGT01617,110,74,84,1,1,97,86,91,100,71,Advanced
AGT01618,0,0,0,0,0,50,48,22,53,49,Needs Improvement
AGT01619,43,22,16,0,0,75,70,59,71,82,Competent
AGT01620,10,2,10,3,1,52,38,53,35,42,Competent
AGT01621,47,47,32,1,1,76,64,62,68,93,Competent
AGT01622,20,11,5,1,1,70,70,68,44,60,Needs Improvement
AGT01623,29,28,16,3,1,72,74,77,67,44,Advanced
AGT01624,72,22,42,2,1,81,49,62,80,55,Advanced
AGT01625,33,10,4,2,1,70,60,52,73,70,Competent
AGT01626,89,63,44,3,1,81,89,71,83,75,Competent
AGT01627,0,0,0,1,1,25,49,20,50,56,Needs Improvement
AGT01628,45,0,11,0,0,77,96,69,77,60,Competent
AGT01629,60,37,24,2,0,64,57,82,63,66,Basic
AGT01630,63,60,30,0,0,70,91,51,86,72,Competent
AGT01631,19,0,9,2,1,33,52,46,57,47,Needs Improvement
AGT01632,35,25,0,2,0,57,76,46,46,47,Basic
AGT01633,21,0,5,0,0,67,66,88,64,56,Competent
AGT01634,27,22,4,0,0,50,40,54,57,61,Basic
AGT01635,33,17,27,2,1,64,78,57,39,68,Basic
AGT01636,28,0,20,2,1,74,71,57,74,74,Basic
AGT01637,0,0,0,1,1,41,43,45,25,58,Needs Improvement
AGT01638,74,55,45,3,1,65,57,73,78,58,Competent
AGT01639,34,19,8,1,1,50,85,50,42,38,Competent
AGT01640,2,2,2,1,1,64,57,72,48,70,Needs Improvement
AGT01641,0,0,0,2,0,29,69,51,38,34,Competent
AGT01642,70,12,41,1,0,66,65,77,79,63,Advanced
AGT01643,0,0,0,0,0,28,30,35,27,30,Needs Improvement
AGT01644,31,31,8,3,0,69,87,70,55,58,Competent
AGT01645,0,0,0,0,0,45,49,45,47,28,Basic
AGT01646,4,0,4,2,0,77,65,80,56,53,Competent
AGT01647,53,3,0,4,1,46,48,61,67,66,Basic
AGT01648,46,21,44,0,0,85,71,72,60,74,Competent
AGT01649,51,1,16,2,1,37,68,53,59,65,Competent
AGT01650,17,1,0,0,0,66,42,48,81,47,Competent
AGT01651,46,19,0,1,0,37,53,60,52,65,Needs Improvement
AGT01652,60,21,16,2,1,100,73,83,75,66,Competent
AGT01653,56,38,26,2,1,65,71,57,48,41,Advanced
AGT01654,35,18,9,1,1,69,79,59,46,60,Competent
AGT01655,36,6,19,2,1,69,59,61,62,68,Advanced
AGT01656,5,0,0,1,0,38,41,52,38,38,Advanced
AGT01657,34,0,3,1,0,64,100,42,69,77,Basic
AGT01658,29,0,0,1,1,32,42,33,46,33,Needs Improvement
AGT01659,29,20,18,1,1,79,70,50,52,76,Competent
AGT01660,33,17,16,1,1,60,62,63,74,83,Advanced
AGT01661,78,61,42,2,1,86,86,71,74,85,Advanced
AGT01662,15,0,7,0,0,53,55,45,38,47,Competent
AGT01663,20,4,0,2,1,53,75,45,60,57,Basic
AGT01664,72,52,33,5,1,82,88,72,100,98,Advanced
AGT01665,51,45,24,2,1,78,90,57,63,77,Competent
AGT01666,0,0,0,0,0,47,71,65,53,78,Needs Improvement
AGT01667,35,21,14,3,1,60,70,69,65,66,Competent
AGT01668,10,2,0,3,1,76,70,63,66,51,Basic
AGT01669,4,0,4,2,1,64,81,60,75,55,Competent
AGT01670,18,7,18,1,1,50,45,28,47,55,Needs Improvement
AGT01671,37,8,16,2,1,59,94,54,70,35,Basic
AGT01672,8,0,3,1,0,45,43,37,58,39,Basic
AGT01673,43,20,30,4,1,54,62,65,83,58,Competent
AGT01674,4,3,0,2,0,72,55,73,69,66,Competent
AGT01675,1,0,0,1,1,61,49,63,58,80,Competent
AGT01676,33,0,0,1,0,25,61,63,36,45,Competent
AGT01677,31,3,18,1,1,91,100,63,51,47,Competent
AGT01678,48,28,14,0,0,80,62,56,62,53,Advanced
AGT01679,3,0,0,2,0,45,62,68,52,56,Competent
AGT01680,26,18,0,2,1,48,65,61,56,58,Basic
AGT01681,0,0,0,0,0,45,62,44,50,65,Basic
AGT01682,20,20,5,2,1,36,81,76,33,62,Basic
AGT01683,22,0,2,2,1,67,78,64,50,66,Basic
AGT01684,46,21,6,1,1,74,74,70,97,68,Competent
AGT01685,0,0,0,3,1,68,65,46,64,66,Competent
AGT01686,48,6,6,1,1,63,79,84,73,55,Competent
AGT01687,0,0,0,0,0,54,59,59,57,66,Needs Improvement
AGT01688,43,37,25,0,0,77,54,64,61,60,Basic
AGT01689,74,37,30,0,0,57,54,69,40,43,Basic
AGT01690,72,28,26,1,0,76,88,80,76,77,Advanced
AGT01691,32,30,10,0,0,65,75,63,27,72,Competent
AGT01692,0,0,0,0,0,37,47,58,38,40,Needs Improvement
AGT01693,0,0,0,0,0,33,54,54,44,65,Basic
AGT01694,0,0,0,0,0,42,74,63,47,34,Basic
AGT01695,28,7,9,0,0,51,32,40,72,34,Basic
AGT01696,24,24,24,1,0,71,64,88,87,63,Advanced
AGT01697,8,2,0,3,0,65,85,41,66,50,Competent
AGT01698,75,50,64,4,1,90,92,86,77,79,Competent
AGT01699,0,0,0,0,0,27,34,28,64,45,Needs Improvement
AGT01700,12,0,12,0,0,43,68,62,67,56,Basic
AGT01701,7,0,0,1,1,73,66,43,35,45,Basic
AGT01702,4,4,0,2,0,60,30,58,54,58,Competent
AGT01703,19,17,0,0,0,65,69,67,73,52,Competent
AGT01704,0,0,0,0,0,34,37,28,28,37,Basic
AGT01705,44,9,20,3,0,52,48,63,63,55,Basic
AGT01706,64,49,37,3,0,80,85,96,87,65,Advanced
AGT01707,18,15,18,0,0,72,59,40,42,66,Basic
AGT01708,46,27,6,0,0,71,67,52,61,82,Basic
AGT01709,48,32,21,3,1,68,71,81,60,83,Advanced
AGT01710,22,0,0,1,1,49,51,61,67,62,Needs Improvement
AGT01711,27,16,0,0,0,50,42,58,43,46,Basic
AGT01712,0,0,0,3,1,30,34,54,39,35,Basic
AGT01713,40,28,39,3,1,89,82,56,51,81,Competent
AGT01714,29,29,2,3,1,59,67,53,47,31,Competent
AGT01715,0,0,0,1,1,38,54,44,34,46,Competent
AGT01716,17,6,0,1,1,63,54,58,57,69,Basic
AGT01717,32,8,23,0,0,57,55,73,55,42,Competent
AGT01718,27,1,19,0,0,44,69,34,57,61,Advanced
AGT01719,50,39,23,1,1,74,77,51,47,71,Competent
AGT01720,8,0,0,0,0,55,46,31,43,30,Basic
AGT01721,52,34,14,2,1,77,44,89,64,71,Advanced
AGT01722,15,2,0,0,0,37,43,40,51,39,Basic
AGT01723,34,8,14,2,1,49,53,51,49,59,Basic
AGT01724,85,85,25,1,1,72,73,57,86,87,Advanced
AGT01725,51,35,26,1,0,75,71,68,65,77,Advanced
AGT01726,57,27,42,1,0,66,76,73,83,65,Competent
AGT01727,15,0,0,0,0,42,55,56,33,54,Competent
AGT01728,31,1,25,0,0,73,72,55,48,43,Competent
AGT01729,37,30,23,1,0,70,48,41,64,62,Advanced
AGT01730,35,0,1,1,0,46,62,57,55,50,Needs Improvement
AGT01731,15,0,1,3,1,45,41,62,48,71,Needs Improvement
AGT01732,42,18,14,2,1,53,60,48,38,68,Competent
AGT01733,77,47,16,3,1,73,50,68,53,67,Competent
AGT01734,0,0,0,0,0,51,66,60,32,67,Basic
AGT01735,21,0,21,3,1,70,65,49,73,52,Advanced
AGT01736,40,4,12,2,0,74,86,79,95,62,Basic
AGT01737,0,0,0,1,1,42,46,47,44,42,Basic
AGT01738,54,29,14,2,0,48,51,74,43,39,Competent
AGT01739,1,0,0,0,0,54,44,80,59,33,Basic
AGT01740,24,24,17,0,0,62,69,48,50,69,Basic
AGT01741,0,0,0,0,0,55,83,68,48,39,Basic
AGT01742,46,46,38,3,1,96,85,91,71,63,Competent
AGT01743,9,9,0,1,1,67,66,53,58,62,Basic
AGT01744,15,1,0,2,1,57,50,42,41,42,Basic
AGT01745,94,52,12,2,1,56,71,59,55,77,Competent
AGT01746,8,6,0,1,1,76,82,52,43,53,Competent
AGT01747,0,0,0,1,1,51,74,51,64,44,Competent
AGT01748,52,7,30,3,1,72,71,61,62,76,Competent
AGT01749,7,0,0,1,0,63,61,67,55,63,Competent
AGT01750,71,37,21,1,1,69,78,44,45,52,Advanced
AGT01751,9,1,0,0,0,59,63,41,62,55,Basic
AGT01752,6,0,0,1,1,62,54,64,44,45,Basic
AGT01753,14,13,0,0,0,47,48,62,66,44,Basic
AGT01754,32,22,7,1,1,48,72,42,57,77,Needs Improvement
AGT01755,48,21,32,2,0,77,76,78,65,74,Advanced
AGT01756,34,23,15,0,0,69,83,84,47,64,Basic
AGT01757,61,33,45,1,0,97,100,76,100,80,Advanced
AGT01758,52,42,43,3,1,98,94,68,95,94,Competent
AGT01759,17,1,0,1,1,48,59,63,58,41,Basic
AGT01760,0,0,0,2,0,68,100,84,81,53,Basic
AGT01761,0,0,0,0,0,28,56,39,49,56,Basic
AGT01762,28,11,0,0,0,46,44,55,68,34,Basic
AGT01763,23,0,0,1,0,56,55,70,46,65,Basic
AGT01764,19,19,3,2,1,58,73,53,59,31,Competent
AGT01765,8,0,8,1,1,50,39,29,40,47,Needs Improvement
AGT01766,48,20,16,2,1,73,55,65,53,40,Competent
AGT01767,22,0,4,2,1,54,66,37,47,36,Basic
AGT01768,55,51,11,1,1,69,70,52,57,83,Advanced
AGT01769,28,1,5,4,0,49,54,30,53,64,Competent
AGT01770,100,72,63,3,0,100,100,100,91,100,Advanced
AGT01771,13,13,13,0,0,52,52,46,31,39,Needs Improvement
AGT01772,7,7,0,0,0,77,48,66,54,47,Competent
AGT01773,12,0,0,0,0,35,35,57,41,51,Needs Improvement
AGT01774,74,61,56,1,0,87,89,78,93,89,Advanced
AGT01775,72,72,36,3,1,83,79,75,81,63,Advanced
AGT01776,19,15,0,2,1,63,60,69,80,55,Competent
AGT01777,0,0,0,1,0,40,38,51,51,33,Needs Improvement
AGT01778,42,22,5,0,0,64,64,53,56,81,Competent
AGT01779,6,6,0,2,1,55,67,40,47,43,Basic
AGT01780,25,18,25,2,0,77,70,73,71,75,Competent
AGT01781,53,27,31,0,0,63,65,67,75,70,Advanced
AGT01782,0,0,0,0,0,74,52,67,60,73,Basic
AGT01783,0,0,0,0,0,34,36,53,26,26,Competent
AGT01784,35,0,2,0,0,58,59,57,48,64,Basic
AGT01785,77,39,22,1,1,78,97,57,75,52,Advanced
AGT01786,32,32,32,4,1,97,80,44,62,87,Advanced
AGT01787,46,37,25,3,0,86,75,61,77,51,Advanced
AGT01788,0,0,0,1,0,35,59,29,23,43,Basic
AGT01789,68,23,25,5,1,70,76,54,77,84,Basic
AGT01790,41,41,20,1,1,70,68,73,79,79,Competent
AGT01791,0,0,0,0,0,36,76,47,61,49,Basic
AGT01792,58,25,3,1,1,49,65,85,48,47,Competent
AGT01793,29,10,12,0,0,63,71,70,76,54,Competent
AGT01794,37,26,6,0,0,63,69,83,69,73,Competent
AGT01795,0,0,0,0,0,37,51,54,37,48,Basic
AGT01796,20,10,0,3,1,48,80,72,51,67,Competent
AGT01797,0,0,0,0,0,44,55,53,42,57,Needs Improvement
AGT01798,8,4,0,1,0,79,73,46,41,54,Competent
AGT01799,34,0,25,3,1,58,61,50,43,66,Basic
AGT01800,20,9,0,0,0,49,72,57,40,58,Basic
AGT01801,23,4,15,1,1,66,62,52,77,58,Competent
AGT01802,25,0,25,2,1,87,65,52,44,49,Competent
AGT01803,20,14,3,0,0,64,71,64,58,68,Basic
AGT01804,27,21,0,1,0,32,65,44,62,61,Needs Improvement
AGT01805,50,18,3,3,1,87,56,42,65,53,Basic
AGT01806,0,0,0,0,0,20,62,29,44,56,Basic
AGT01807,25,4,0,3,0,66,79,62,75,66,Basic
AGT01808,33,12,17,1,0,52,64,48,54,64,Basic
AGT01809,29,6,13,2,1,56,60,58,60,71,Competent
AGT01810,56,21,34,2,1,77,79,77,67,79,Competent
AGT01811,0,0,0,0,0,18,53,51,54,45,Needs Improvement
AGT01812,0,0,0,2,1,36,26,35,63,39,Needs Improvement
AGT01813,26,21,1,0,0,76,72,47,49,85,Competent
AGT01814,25,21,18,0,0,54,73,53,36,52,Needs Improvement
AGT01815,54,34,14,1,1,52,38,71,71,71,Competent
AGT01816,8,0,0,0,0,55,63,68,66,54,Basic
AGT01817,42,28,30,1,1,68,80,72,91,73,Basic
AGT01818,52,28,16,3,1,69,81,85,80,84,Advanced
AGT01819,68,39,36,4,1,58,79,88,84,63,Competent
AGT01820,19,9,19,3,0,63,58,52,76,66,Competent
AGT01821,5,0,0,0,0,40,31,61,55,43,Basic
AGT01822,68,20,45,2,0,62,51,65,79,63,Competent
AGT01823,53,36,33,1,1,70,90,85,59,88,Advanced
AGT01824,39,20,39,4,1,72,80,76,67,77,Advanced
AGT01825,6,0,0,0,0,42,70,27,53,46,Basic
AGT01826,39,29,21,1,0,72,63,55,67,80,Competent
AGT01827,63,47,40,0,0,86,83,53,72,61,Advanced
AGT01828,65,65,36,2,0,82,63,52,100,76,Advanced
AGT01829,17,0,12,0,0,40,46,65,40,47,Needs Improvement
AGT01830,5,0,0,2,0,63,64,86,65,66,Basic
AGT01831,28,6,28,1,0,70,80,64,70,63,Competent
AGT01832,70,32,53,1,1,61,86,73,52,74,Competent
AGT01833,4,0,0,1,1,52,51,70,34,56,Basic
AGT01834,24,4,19,2,1,74,59,67,42,60,Basic
AGT01835,67,32,45,0,0,70,60,66,73,91,Advanced
AGT01836,37,0,1,0,0,63,58,59,58,51,Basic
AGT01837,45,32,3,2,1,83,94,70,54,44,Competent
AGT01838,22,0,21,0,0,69,71,70,33,69,Basic
AGT01839,54,37,37,1,0,89,93,80,82,50,Competent
AGT01840,9,0,0,1,0,51,53,58,47,69,Basic
AGT01841,0,0,0,1,1,45,59,55,44,55,Basic
AGT01842,29,9,0,0,0,72,74,40,48,42,Basic
AGT01843,53,31,26,2,0,75,68,81,68,58,Advanced
AGT01844,33,5,0,0,0,37,47,31,49,26,Needs Improvement
AGT01845,5,5,1,1,1,43,44,57,42,52,Basic
AGT01846,0,0,0,1,0,27,39,52,23,25,Basic
AGT01847,29,24,18,1,1,72,66,46,61,67,Competent
AGT01848,57,30,16,1,1,54,44,43,63,47,Competent
AGT01849,38,19,0,1,1,59,65,85,57,50,Basic
AGT01850,29,18,24,2,1,70,75,66,68,73,Basic
AGT01851,28,17,12,0,0,48,56,39,50,62,Basic
AGT01852,21,21,21,1,0,46,57,73,52,77,Basic
AGT01853,0,0,0,1,0,45,63,48,44,49,Needs Improvement
AGT01854,37,5,0,2,1,64,66,42,45,65,Competent
AGT01855,41,12,15,0,0,60,70,72,78,57,Competent
AGT01856,0,0,0,0,0,56,71,43,57,55,Needs Improvement
AGT01857,6,6,3,1,0,67,48,64,58,48,Basic
AGT01858,51,32,29,1,0,74,100,60,76,66,Advanced
AGT01859,31,31,13,3,1,80,68,74,70,59,Competent
AGT01860,9,6,3,1,1,37,56,51,36,50,Needs Improvement
AGT01861,21,21,1,4,1,69,63,33,63,65,Competent
AGT01862,21,12,0,0,0,47,68,56,43,55,Basic
AGT01863,37,17,14,2,1,90,78,70,100,72,Competent
AGT01864,80,50,35,2,0,76,71,89,86,65,Competent
AGT01865,5,0,0,0,0,67,61,69,63,64,Needs Improvement
AGT01866,13,0,6,0,0,49,63,72,76,50,Basic
AGT01867,33,8,9,3,1,51,68,50,72,65,Advanced
AGT01868,74,54,25,0,0,81,74,57,55,64,Advanced
AGT01869,28,14,18,1,1,39,61,57,53,60,Needs Improvement
AGT01870,45,45,19,4,1,77,59,58,66,66,Advanced
AGT01871,48,31,39,4,1,78,64,86,78,90,Competent
AGT01872,0,0,0,1,0,48,54,54,50,59,Basic
AGT01873,9,0,0,2,1,47,64,40,51,54,Needs Improvement
AGT01874,0,0,0,0,0,64,61,39,41,40,Competent
AGT01875,0,0,0,3,0,61,64,64,60,59,Needs Improvement
AGT01876,1,0,0,2,1,37,47,42,22,39,Basic
AGT01877,24,11,11,0,0,73,77,65,61,48,Basic
AGT01878,72,41,50,1,1,80,81,91,59,78,Advanced
AGT01879,35,35,16,3,0,82,58,62,64,76,Competent
AGT01880,3,0,0,3,1,35,46,17,46,35,Basic
AGT01881,36,36,13,3,1,71,68,56,74,65,Advanced
AGT01882,84,45,55,1,1,97,67,77,74,76,Advanced
AGT01883,27,6,7,1,0,55,54,54,68,55,Advanced
AGT01884,54,23,40,3,0,54,68,42,78,79,Competent
AGT01885,0,0,0,1,1,24,31,56,37,25,Needs Improvement
AGT01886,36,36,0,2,0,67,59,66,68,86,Competent
AGT01887,0,0,0,1,1,41,73,56,42,49,Basic
AGT01888,27,27,0,1,1,67,48,68,71,68,Competent
AGT01889,0,0,0,0,0,27,47,30,28,46,Needs Improvement
AGT01890,28,14,23,1,1,75,56,70,87,45,Advanced
AGT01891,29,29,20,1,0,66,66,82,85,58,Advanced
AGT01892,0,0,0,1,0,52,55,69,36,46,Needs Improvement
AGT01893,0,0,0,1,1,44,42,60,37,61,Competent
AGT01894,0,0,0,1,1,49,50,48,41,23,Competent
AGT01895,36,13,31,1,0,60,79,36,53,49,Competent
AGT01896,0,0,0,2,1,72,69,56,59,56,Basic
AGT01897,0,0,0,1,1,47,62,35,38,51,Basic
AGT01898,71,54,41,2,0,81,53,82,87,72,Advanced
AGT01899,10,5,0,1,1,54,58,72,54,43,Basic
AGT01900,14,1,14,1,1,51,60,39,76,32,Needs Improvement
AGT01901,30,8,0,1,0,66,70,55,61,60,Advanced
AGT01902,63,33,44,1,0,84,97,74,56,90,Advanced
AGT01903,15,10,15,1,0,75,84,78,90,62,Basic
AGT01904,23,10,1,0,0,57,74,38,71,44,Competent
AGT01905,13,13,2,0,0,69,100,38,70,60,Competent
AGT01906,51,7,18,1,1,57,55,51,55,55,Basic
AGT01907,2,2,2,2,0,75,62,28,44,57,Competent
AGT01908,14,0,0,0,0,59,69,64,38,77,Needs Improvement
AGT01909,2,2,0,0,0,49,49,64,53,66,Basic
AGT01910,12,12,0,0,0,60,70,81,80,65,Competent
AGT01911,39,28,15,2,0,59,36,46,58,30,Basic
AGT01912,84,43,33,0,0,60,64,68,89,59,Basic
AGT01913,32,26,15,1,1,77,69,74,82,59,Competent
AGT01914,0,0,0,0,0,29,47,19,29,24,Basic
AGT01915,14,14,3,2,1,73,90,84,86,72,Competent
AGT01916,0,0,0,1,1,36,23,37,46,34,Needs Improvement
AGT01917,12,0,0,2,1,41,84,48,51,33,Advanced
AGT01918,39,28,25,3,1,90,77,72,69,80,Competent
AGT01919,28,14,15,2,1,61,65,56,58,58,Competent
AGT01920,8,0,8,0,0,24,31,58,14,51,Needs Improvement
AGT01921,14,0,0,0,0,62,47,46,50,58,Competent
AGT01922,45,45,40,1,1,84,88,73,82,63,Advanced
AGT01923,0,0,0,0,0,33,48,36,41,57,Basic
AGT01924,65,24,15,2,1,68,78,59,76,69,Advanced
AGT01925,29,0,6,1,0,47,67,63,57,77,Needs Improvement
AGT01926,22,0,0,1,0,68,36,39,22,38,Needs Improvement
AGT01927,33,7,7,0,0,46,58,66,73,72,Basic
AGT01928,0,0,0,0,0,37,72,60,43,39,Basic
AGT01929,22,22,0,0,0,76,87,59,62,97,Competent
AGT01930,31,22,31,0,0,57,71,70,84,57,Competent
AGT01931,0,0,0,1,0,31,67,36,53,56,Competent
AGT01932,36,3,0,0,0,66,46,37,58,51,Needs Improvement
AGT01933,19,0,10,2,0,55,45,45,59,61,Needs Improvement
AGT01934,76,45,32,2,0,75,100,72,62,73,Basic
AGT01935,10,0,5,0,0,45,58,56,44,34,Competent
AGT01936,66,30,31,5,1,79,78,77,93,43,Advanced
AGT01937,51,8,13,2,1,61,64,73,51,90,Advanced
AGT01938,15,4,0,0,0,40,44,38,35,49,Needs Improvement
AGT01939,18,4,8,2,1,48,62,50,53,18,Competent
AGT01940,41,17,18,2,1,46,59,75,53,57,Basic
AGT01941,7,0,0,0,0,39,52,24,53,56,Basic
AGT01942,26,0,17,1,0,73,52,56,42,53,Competent
AGT01943,0,0,0,1,1,53,56,36,15,39,Basic
AGT01944,0,0,0,2,1,25,37,39,47,39,Basic
AGT01945,45,30,12,1,0,46,49,52,45,71,Needs Improvement
AGT01946,0,0,0,0,0,37,62,53,33,44,Needs Improvement
AGT01947,38,19,15,2,1,72,84,58,27,71,Competent
AGT01948,0,0,0,1,0,41,79,36,61,64,Basic
AGT01949,12,9,0,0,0,49,64,46,55,48,Basic
AGT01950,69,69,60,0,0,89,82,79,90,64,Advanced
AGT01951,18,0,0,1,1,62,65,71,62,57,Competent
AGT01952,78,44,52,0,0,61,72,95,41,73,Competent
AGT01953,0,0,0,1,1,49,42,54,28,44,Competent
AGT01954,10,3,2,1,0,58,74,42,46,61,Competent
AGT01955,35,14,10,1,1,72,43,62,53,72,Basic
AGT01956,0,0,0,0,0,54,51,54,44,56,Basic
AGT01957,34,12,19,0,0,82,84,62,71,66,Competent
AGT01958,24,7,2,2,1,61,43,56,59,55,Competent
AGT01959,13,0,10,2,0,70,59,29,37,84,Needs Improvement
AGT01960,3,3,0,1,0,75,66,63,52,36,Needs Improvement
AGT01961,57,21,0,3,1,75,85,56,71,66,Advanced
AGT01962,41,0,0,1,1,48,43,54,41,75,Competent
AGT01963,34,31,34,1,0,66,46,78,57,46,Competent
AGT01964,17,4,0,0,0,65,51,42,62,69,Competent
AGT01965,11,11,11,2,0,70,39,58,52,67,Competent
AGT01966,25,25,3,3,1,60,52,76,74,46,Needs Improvement
AGT01967,17,0,6,0,0,70,56,65,62,70,Competent
AGT01968,9,2,9,0,0,55,79,39,54,56,Competent
AGT01969,10,1,0,1,1,61,57,75,40,54,Basic
AGT01970,27,27,27,4,1,70,73,65,72,65,Basic
AGT01971,0,0,0,1,1,63,51,52,57,73,Basic
AGT01972,28,11,13,0,0,45,70,54,44,56,Competent
AGT01973,36,14,11,0,0,71,89,57,68,55,Advanced
AGT01974,95,56,59,3,0,86,71,61,97,75,Competent
AGT01975,0,0,0,1,0,46,72,51,37,43,Basic
AGT01976,51,29,25,1,1,90,77,60,60,55,Competent
AGT01977,0,0,0,1,0,34,46,53,30,36,Basic
AGT01978,30,8,6,2,1,68,72,70,41,63,Competent
AGT01979,75,41,52,1,0,83,85,96,100,83,Advanced
AGT01980,54,11,31,2,1,70,92,63,59,81,Advanced
AGT01981,39,9,4,0,0,84,73,52,50,64,Advanced
AGT01982,14,14,3,0,0,55,66,37,41,49,Basic
AGT01983,24,8,9,0,0,57,60,90,55,48,Needs Improvement
AGT01984,0,0,0,1,1,76,73,67,47,60,Competent
AGT01985,0,0,0,2,1,49,46,45,67,51,Basic
AGT01986,13,9,4,2,1,44,63,80,41,56,Competent
AGT01987,14,6,6,0,0,58,100,80,42,65,Basic
AGT01988,23,0,1,1,1,41,27,37,57,58,Basic
AGT01989,35,9,5,1,0,35,60,44,50,55,Competent
AGT01990,0,0,0,1,0,41,55,47,42,45,Needs Improvement
AGT01991,43,0,22,1,0,66,66,51,69,55,Competent
AGT01992,22,22,6,1,0,80,68,65,68,57,Basic
AGT01993,29,17,29,1,1,71,68,72,62,74,Basic
AGT01994,37,21,6,0,0,80,72,52,53,63,Basic
AGT01995,43,7,10,3,1,55,69,66,40,45,Competent
AGT01996,26,0,7,1,0,75,63,80,54,77,Competent
AGT01997,54,28,48,2,0,78,92,69,51,55,Advanced
AGT01998,24,24,0,1,0,64,61,59,63,59,Basic
AGT01999,8,0,3,0,0,59,67,48,31,60,Basic
AGT02000,52,27,43,1,1,79,79,92,78,83,Competent
